accession_id_norm	in_accession_index	in_vcf	has_population	has_metabolite	has_agri_aa_oil	strong_pair_population_phenotype	strong_pair_genotype_population_phenotype	has_mCG_regions	has_mCHG_regions	has_mCHH_regions	has_methylC_sites	has_any_methylation	strong_pair_genotype_population_phenotype_methylation
04K5672	True	True	True	False	True	True	True	False	False	False	False	False	False
04K5686	True	True	True	False	True	True	True	True	True	True	True	True	True
04K5702	True	True	True	False	True	True	True	False	False	False	False	False	False
05W002	True	True	True	True	True	True	True	False	False	False	False	False	False
05WN230	True	True	True	True	True	True	True	True	True	True	True	True	True
07KS4	True	True	True	True	True	True	True	True	True	True	True	True	True
1323	True	True	True	False	True	True	True	True	True	True	True	True	True
1462	True	False	False	False	True	False	False	False	False	False	False	False	False
150	True	True	True	True	True	True	True	True	True	True	True	True	True
177	True	True	True	True	True	True	True	True	True	True	True	True	True
18-599	True	True	True	True	True	True	True	False	False	False	False	False	False
238	True	True	True	True	True	True	True	True	True	True	True	True	True
268	True	True	True	True	True	True	True	True	True	True	True	True	True
303WX	True	True	True	True	True	True	True	False	False	False	False	False	False
3411	True	False	False	False	False	False	False	False	False	False	False	False	False
3411X	True	True	True	False	False	False	False	False	False	False	False	False	False
384-2	True	True	True	False	True	True	True	True	True	True	True	True	True
3H-2	True	False	False	False	False	False	False	False	False	False	False	False	False
3H-2X	True	True	True	False	False	False	False	False	False	False	False	False	False
4019	True	False	False	True	True	False	False	True	True	True	True	True	False
4F1	True	True	True	True	True	True	True	True	True	True	True	True	True
501	True	True	True	False	True	True	True	True	True	True	True	True	True
5213	True	False	False	True	False	False	False	True	True	True	True	True	False
5237	True	True	True	True	True	True	True	False	False	False	False	False	False
526018	True	True	True	True	True	True	True	False	False	False	False	False	False
5311	True	True	True	False	True	True	True	False	False	False	False	False	False
647	True	True	True	True	True	True	True	False	False	False	False	False	False
7327	True	True	True	True	True	True	True	True	True	True	True	True	True
7381	True	False	False	True	True	False	False	True	True	True	True	True	False
7884-4HT	True	True	True	True	True	True	True	False	False	False	False	False	False
81162	True	True	True	True	True	True	True	False	False	False	False	False	False
812	True	True	True	False	True	True	True	True	True	True	True	True	True
832	True	True	True	False	False	False	False	True	True	True	True	True	False
835A	True	False	False	True	False	False	False	True	True	True	True	True	False
835B	True	True	True	True	True	True	True	False	False	False	False	False	False
8902	True	True	True	True	True	True	True	True	True	True	True	True	True
9642	True	True	True	True	True	True	True	False	False	False	False	False	False
975-12	True	True	True	True	True	True	True	True	True	True	True	True	True
9782	True	True	True	False	True	True	True	False	False	False	False	False	False
A619	True	True	True	False	True	True	True	True	True	True	True	True	True
B11	True	True	True	True	True	True	True	True	True	True	True	True	True
B110	True	True	True	True	True	True	True	True	True	True	True	True	True
B111	True	True	True	True	True	True	True	True	True	True	True	True	True
B113	True	True	True	False	True	True	True	False	False	False	False	False	False
B114	True	True	True	True	True	True	True	False	False	False	False	False	False
B151	True	True	True	True	True	True	True	False	False	False	False	False	False
B73	True	True	True	True	True	True	True	True	True	True	True	True	True
B77	True	True	True	True	True	True	True	False	False	False	False	False	False
BEM	True	True	True	False	True	True	True	True	True	True	True	True	True
BGY	True	True	True	False	True	True	True	False	False	False	False	False	False
BK	True	True	True	False	False	False	False	False	False	False	False	False	False
BS16	True	True	True	True	True	True	True	True	True	True	True	True	True
BT1	True	True	True	False	False	False	False	False	False	False	False	False	False
BY4839	True	True	True	True	True	True	True	True	True	True	True	True	True
BY4944	True	True	True	True	True	True	True	True	True	True	True	True	True
BY4960	True	True	True	True	True	True	True	True	True	True	True	True	True
BY804	True	True	True	True	True	True	True	False	False	False	False	False	False
BY807	True	True	True	True	True	True	True	False	False	False	False	False	False
BY809	True	True	True	True	True	True	True	True	True	True	True	True	True
BY813	True	True	True	True	True	True	True	True	True	True	True	True	True
BY815	True	True	True	True	True	True	True	True	True	True	True	True	True
BY843	True	True	True	False	True	True	True	False	False	False	False	False	False
BY855	True	True	True	True	True	True	True	True	True	True	True	True	True
BZN	True	True	True	True	True	True	True	False	False	False	False	False	False
C8605	True	True	True	False	True	True	True	False	False	False	False	False	False
CA47	True	False	False	True	False	False	False	False	False	False	False	False	False
CF3	True	True	True	False	True	True	True	True	True	True	True	True	True
CHANG3	True	True	True	True	True	True	True	False	False	False	False	False	False
CHANG7-2	True	True	True	False	True	True	True	False	False	False	False	False	False
CHENG698	True	True	True	True	True	True	True	True	True	True	True	True	True
CHUAN48-2	True	True	True	True	True	True	True	False	False	False	False	False	False
CI7	True	True	True	True	True	True	True	False	False	False	False	False	False
CIMBL1	True	True	True	True	True	True	True	False	False	False	False	False	False
CIMBL10	True	True	True	True	True	True	True	True	True	True	True	True	True
CIMBL100	True	True	True	True	True	True	True	False	False	False	False	False	False
CIMBL101	True	True	True	True	True	True	True	False	False	False	False	False	False
CIMBL102	True	True	True	True	True	True	True	False	False	False	False	False	False
CIMBL103	True	False	False	False	False	False	False	False	False	False	False	False	False
CIMBL104	True	True	True	False	False	False	False	False	False	False	False	False	False
CIMBL105	True	True	True	True	True	True	True	True	True	True	True	True	True
CIMBL106	True	True	True	True	True	True	True	False	False	False	False	False	False
CIMBL107	True	True	True	False	True	True	True	True	True	True	True	True	True
CIMBL108	True	True	True	True	True	True	True	True	True	True	True	True	True
CIMBL109	True	False	False	True	True	False	False	True	True	True	True	True	False
CIMBL11	True	True	True	True	True	True	True	True	True	True	True	True	True
CIMBL110	True	True	True	False	True	True	True	True	True	True	True	True	True
CIMBL111	True	True	True	True	True	True	True	False	False	False	False	False	False
CIMBL112	True	True	True	False	True	True	True	True	True	True	True	True	True
CIMBL113	True	True	True	True	True	True	True	False	False	False	False	False	False
CIMBL114	True	True	True	True	True	True	True	True	True	True	True	True	True
CIMBL115	True	True	True	True	True	True	True	False	False	False	False	False	False
CIMBL116	True	True	True	True	True	True	True	True	True	True	True	True	True
CIMBL117	True	True	True	False	True	True	True	False	False	False	False	False	False
CIMBL118	True	True	True	False	True	True	True	False	False	False	False	False	False
CIMBL119	True	True	True	True	True	True	True	False	False	False	False	False	False
CIMBL12	True	False	False	True	False	False	False	True	True	True	True	True	False
CIMBL120	True	True	True	True	True	True	True	False	False	False	False	False	False
CIMBL121	True	True	True	True	True	True	True	False	False	False	False	False	False
CIMBL122	True	True	True	True	True	True	True	False	False	False	False	False	False
CIMBL123	True	True	True	True	True	True	True	False	False	False	False	False	False
CIMBL124	True	True	True	True	True	True	True	False	False	False	False	False	False
CIMBL125	True	True	True	True	True	True	True	True	True	True	True	True	True
CIMBL126	True	True	True	False	True	True	True	True	True	True	True	True	True
CIMBL127	True	True	True	True	True	True	True	True	True	True	True	True	True
CIMBL128	True	True	True	False	True	True	True	False	False	False	False	False	False
CIMBL129	True	True	True	True	True	True	True	True	True	True	True	True	True
CIMBL13	True	True	True	True	True	True	True	True	True	True	True	True	True
CIMBL130	True	True	True	False	False	False	False	True	True	True	True	True	False
CIMBL131	True	True	True	False	False	False	False	True	True	True	True	True	False
CIMBL132	True	True	True	False	False	False	False	False	False	False	False	False	False
CIMBL133	True	True	True	True	True	True	True	True	True	True	True	True	True
CIMBL134	True	True	True	False	True	True	True	False	False	False	False	False	False
CIMBL135	True	True	True	False	False	False	False	False	False	False	False	False	False
CIMBL136	True	True	True	False	True	True	True	False	False	False	False	False	False
CIMBL137	True	True	True	True	True	True	True	True	True	True	True	True	True
CIMBL138	True	True	True	False	True	True	True	True	True	True	True	True	True
CIMBL139	True	True	True	True	True	True	True	False	False	False	False	False	False
CIMBL14	True	True	True	False	True	True	True	True	True	True	True	True	True
CIMBL140	True	True	True	True	True	True	True	True	True	True	True	True	True
CIMBL141	True	True	True	True	True	True	True	True	True	True	True	True	True
CIMBL142	True	True	True	True	True	True	True	False	False	False	False	False	False
CIMBL143	True	True	True	True	True	True	True	False	False	False	False	False	False
CIMBL144	True	True	True	True	True	True	True	False	False	False	False	False	False
CIMBL145	True	True	True	True	True	True	True	True	True	True	True	True	True
CIMBL146	True	True	True	False	True	True	True	False	False	False	False	False	False
CIMBL147	True	True	True	True	True	True	True	False	False	False	False	False	False
CIMBL148	True	True	True	False	True	True	True	True	True	True	True	True	True
CIMBL149	True	True	True	True	True	True	True	False	False	False	False	False	False
CIMBL15	True	True	True	True	True	True	True	False	False	False	False	False	False
CIMBL150	True	True	True	True	True	True	True	True	True	True	True	True	True
CIMBL151	True	True	True	True	True	True	True	True	True	True	True	True	True
CIMBL152	True	True	True	True	True	True	True	True	True	True	True	True	True
CIMBL153	True	True	True	True	True	True	True	False	False	False	False	False	False
CIMBL154	True	True	True	False	True	True	True	True	True	True	True	True	True
CIMBL155	True	True	True	False	True	True	True	True	True	True	True	True	True
CIMBL156	True	True	True	True	True	True	True	False	False	False	False	False	False
CIMBL157	True	True	True	True	True	True	True	False	False	False	False	False	False
CIMBL16	True	True	True	True	True	True	True	False	False	False	False	False	False
CIMBL17	True	True	True	True	True	True	True	True	True	True	True	True	True
CIMBL18	True	True	True	True	True	True	True	True	True	True	True	True	True
CIMBL19	True	True	True	True	True	True	True	False	False	False	False	False	False
CIMBL2	True	True	True	True	True	True	True	True	True	True	True	True	True
CIMBL20	True	True	True	False	True	True	True	True	True	True	True	True	True
CIMBL21	True	True	True	True	True	True	True	False	False	False	False	False	False
CIMBL22	True	True	True	True	True	True	True	True	True	True	True	True	True
CIMBL23	True	True	True	True	True	True	True	True	True	True	True	True	True
CIMBL24	True	False	False	False	True	False	False	False	False	False	False	False	False
CIMBL25	True	True	True	True	True	True	True	True	True	True	True	True	True
CIMBL26	True	True	True	False	True	True	True	False	False	False	False	False	False
CIMBL27	True	True	True	True	True	True	True	False	False	False	False	False	False
CIMBL28	True	True	True	True	True	True	True	True	True	True	True	True	True
CIMBL29	True	False	False	True	True	False	False	True	True	True	True	True	False
CIMBL3	True	True	True	True	True	True	True	True	True	True	True	True	True
CIMBL30	True	True	True	False	True	True	True	False	False	False	False	False	False
CIMBL31	True	True	True	False	True	True	True	False	False	False	False	False	False
CIMBL32	True	True	True	True	True	True	True	False	False	False	False	False	False
CIMBL33	True	True	True	False	True	True	True	True	True	True	True	True	True
CIMBL34	True	True	True	False	True	True	True	False	False	False	False	False	False
CIMBL35	True	True	True	False	False	False	False	False	False	False	False	False	False
CIMBL36	True	True	True	False	False	False	False	False	False	False	False	False	False
CIMBL37	True	True	True	False	False	False	False	True	True	True	True	True	False
CIMBL38	True	True	True	True	True	True	True	False	False	False	False	False	False
CIMBL39	True	False	False	False	False	False	False	True	True	True	True	True	False
CIMBL39X	True	True	True	False	False	False	False	False	False	False	False	False	False
CIMBL4	True	True	True	True	True	True	True	True	True	True	True	True	True
CIMBL40	True	True	True	True	True	True	True	True	True	True	True	True	True
CIMBL41	True	True	True	False	False	False	False	True	True	True	True	True	False
CIMBL42	True	True	True	True	True	True	True	True	True	True	True	True	True
CIMBL43	True	True	True	True	True	True	True	True	True	True	True	True	True
CIMBL44	True	True	True	False	True	True	True	True	True	True	True	True	True
CIMBL45	True	False	False	False	False	False	False	False	False	False	False	False	False
CIMBL45X	True	True	True	False	False	False	False	False	False	False	False	False	False
CIMBL46	True	True	True	True	True	True	True	False	False	False	False	False	False
CIMBL47	True	True	True	True	True	True	True	False	False	False	False	False	False
CIMBL48	True	True	True	True	True	True	True	True	True	True	True	True	True
CIMBL49	True	True	True	True	True	True	True	True	True	True	True	True	True
CIMBL5	True	True	True	True	True	True	True	False	False	False	False	False	False
CIMBL50	True	True	True	True	True	True	True	False	False	False	False	False	False
CIMBL51	True	True	True	True	True	True	True	True	True	True	True	True	True
CIMBL52	True	True	True	True	True	True	True	False	False	False	False	False	False
CIMBL53	True	True	True	True	True	True	True	True	True	True	True	True	True
CIMBL54	True	True	True	True	True	True	True	False	False	False	False	False	False
CIMBL55	True	False	False	True	False	False	False	False	False	False	False	False	False
CIMBL56	True	True	True	True	True	True	True	True	True	True	True	True	True
CIMBL57	True	True	True	False	True	True	True	False	False	False	False	False	False
CIMBL58	True	True	True	True	True	True	True	False	False	False	False	False	False
CIMBL59	True	True	True	True	True	True	True	False	False	False	False	False	False
CIMBL6	True	True	True	True	True	True	True	False	False	False	False	False	False
CIMBL60	True	True	True	True	True	True	True	True	True	True	True	True	True
CIMBL61	True	False	False	False	False	False	False	False	False	False	False	False	False
CIMBL61X	True	True	True	False	False	False	False	False	False	False	False	False	False
CIMBL62	True	True	True	True	True	True	True	False	False	False	False	False	False
CIMBL63	True	True	True	True	True	True	True	True	True	True	True	True	True
CIMBL65	True	True	True	False	True	True	True	False	False	False	False	False	False
CIMBL66	True	True	True	False	True	True	True	True	True	True	True	True	True
CIMBL67	True	True	True	False	True	True	True	False	False	False	False	False	False
CIMBL68	True	True	True	True	True	True	True	True	True	True	True	True	True
CIMBL69	True	True	True	True	True	True	True	True	True	True	True	True	True
CIMBL7	True	True	True	True	True	True	True	True	True	True	True	True	True
CIMBL70	True	True	True	True	True	True	True	True	True	True	True	True	True
CIMBL71	True	True	True	True	True	True	True	True	True	True	True	True	True
CIMBL72	True	True	True	False	True	True	True	True	True	True	True	True	True
CIMBL73	True	False	False	False	False	False	False	False	False	False	False	False	False
CIMBL73X	True	True	True	False	False	False	False	False	False	False	False	False	False
CIMBL74	True	True	True	True	True	True	True	True	True	True	True	True	True
CIMBL75	True	True	True	True	True	True	True	True	True	True	True	True	True
CIMBL76	True	True	True	False	True	True	True	True	True	True	True	True	True
CIMBL77	True	True	True	True	True	True	True	True	True	True	True	True	True
CIMBL78	True	True	True	False	True	True	True	False	False	False	False	False	False
CIMBL79	True	True	True	True	True	True	True	False	False	False	False	False	False
CIMBL8	True	True	True	False	True	True	True	True	True	True	True	True	True
CIMBL80	True	False	False	False	False	False	False	False	False	False	False	False	False
CIMBL80X	True	True	True	False	False	False	False	False	False	False	False	False	False
CIMBL81	True	True	True	True	True	True	True	False	False	False	False	False	False
CIMBL82	True	True	True	True	True	True	True	True	True	True	True	True	True
CIMBL83	True	True	True	True	True	True	True	True	True	True	True	True	True
CIMBL84	True	True	True	True	True	True	True	False	False	False	False	False	False
CIMBL85	True	False	False	False	False	False	False	False	False	False	False	False	False
CIMBL85X	True	True	True	False	False	False	False	False	False	False	False	False	False
CIMBL86	True	True	True	True	True	True	True	True	True	True	True	True	True
CIMBL87	True	False	False	True	False	False	False	False	False	False	False	False	False
CIMBL87X	True	True	True	False	False	False	False	False	False	False	False	False	False
CIMBL88	True	True	True	True	True	True	True	True	True	True	True	True	True
CIMBL89	True	True	True	True	True	True	True	False	False	False	False	False	False
CIMBL9	True	True	True	True	True	True	True	True	True	True	True	True	True
CIMBL90	True	True	True	False	True	True	True	False	False	False	False	False	False
CIMBL91	True	True	True	True	True	True	True	True	True	True	True	True	True
CIMBL92	True	True	True	True	True	True	True	True	True	True	True	True	True
CIMBL93	True	True	True	True	True	True	True	False	False	False	False	False	False
CIMBL94	True	True	True	True	True	True	True	True	True	True	True	True	True
CIMBL95	True	True	True	True	True	True	True	True	True	True	True	True	True
CIMBL96	True	True	True	True	True	True	True	True	True	True	True	True	True
CIMBL97	True	True	True	False	True	True	True	False	False	False	False	False	False
CIMBL98	True	True	True	True	True	True	True	False	False	False	False	False	False
CIMBL99	True	True	True	True	True	True	True	True	True	True	True	True	True
CML113	True	True	True	False	True	True	True	False	False	False	False	False	False
CML114	True	True	True	True	True	True	True	True	True	True	True	True	True
CML115	True	True	True	True	False	True	True	False	False	False	False	False	False
CML115X	True	True	True	False	False	False	False	False	False	False	False	False	False
CML116	True	False	False	True	False	False	False	False	False	False	False	False	False
CML118	True	True	True	True	True	True	True	False	False	False	False	False	False
CML121	True	True	True	True	True	True	True	True	True	True	True	True	True
CML122	True	True	True	True	True	True	True	True	True	True	True	True	True
CML130	True	True	True	True	True	True	True	True	True	True	True	True	True
CML134	True	True	True	True	True	True	True	True	True	True	True	True	True
CML139	True	True	True	True	True	True	True	True	True	True	True	True	True
CML162	True	True	True	True	True	True	True	True	True	True	True	True	True
CML163	True	True	True	True	True	True	True	True	True	True	True	True	True
CML165	True	True	True	True	True	True	True	False	False	False	False	False	False
CML166	True	False	False	False	False	False	False	True	True	True	True	True	False
CML168	True	True	True	False	True	True	True	True	True	True	True	True	True
CML169	True	True	True	True	True	True	True	False	False	False	False	False	False
CML170	True	True	True	True	True	True	True	True	True	True	True	True	True
CML171	True	True	True	True	True	True	True	True	True	True	True	True	True
CML172	True	True	True	True	True	True	True	True	True	True	True	True	True
CML189	True	True	True	True	True	True	True	True	True	True	True	True	True
CML191	True	True	True	True	True	True	True	False	False	False	False	False	False
CML192	True	True	True	True	True	True	True	True	True	True	True	True	True
CML20	True	True	True	True	True	True	True	False	False	False	False	False	False
CML223	True	True	True	False	True	True	True	True	True	True	True	True	True
CML225	True	True	True	False	True	True	True	False	False	False	False	False	False
CML226	True	True	True	False	True	True	True	True	True	True	True	True	True
CML228	True	True	True	False	True	True	True	False	False	False	False	False	False
CML229	True	True	True	False	False	False	False	False	False	False	False	False	False
CML26	False	False	False	False	False	False	False	True	True	True	True	True	False
CML27	True	True	True	False	True	True	True	True	True	True	True	True	True
CML28	True	True	True	False	True	True	True	True	True	True	True	True	True
CML282	True	True	True	False	False	False	False	False	False	False	False	False	False
CML285	True	True	True	False	False	False	False	True	True	True	True	True	False
CML286	True	False	False	False	False	False	False	True	True	True	True	True	False
CML286X	True	True	True	False	False	False	False	False	False	False	False	False	False
CML287	True	False	False	False	False	False	False	True	True	True	True	True	False
CML287X	True	True	True	False	False	False	False	False	False	False	False	False	False
CML289	True	True	True	False	False	False	False	False	False	False	False	False	False
CML29	True	True	True	False	False	False	False	True	True	True	True	True	False
CML290	True	True	True	True	True	True	True	False	False	False	False	False	False
CML298	True	True	True	False	True	True	True	False	False	False	False	False	False
CML300	True	True	True	False	True	True	True	False	False	False	False	False	False
CML304	True	False	False	True	True	False	False	False	False	False	False	False	False
CML305	True	True	True	False	True	True	True	False	False	False	False	False	False
CML307	True	True	True	False	True	True	True	True	True	True	True	True	True
CML31	True	True	True	True	True	True	True	False	False	False	False	False	False
CML32	True	True	True	True	True	True	True	True	True	True	True	True	True
CML323	True	True	True	True	True	True	True	True	True	True	True	True	True
CML324	True	True	True	True	True	True	True	True	True	True	True	True	True
CML325	True	True	True	True	True	True	True	True	True	True	True	True	True
CML326	True	False	False	False	False	False	False	False	False	False	False	False	False
CML326X	True	True	True	False	False	False	False	False	False	False	False	False	False
CML327	True	True	True	True	True	True	True	True	True	True	True	True	True
CML338	True	True	True	True	True	True	True	False	False	False	False	False	False
CML360	True	True	True	True	True	True	True	True	True	True	True	True	True
CML361	True	True	True	True	True	True	True	True	True	True	True	True	True
CML364	True	True	True	False	True	True	True	False	False	False	False	False	False
CML40	True	True	True	False	False	False	False	True	True	True	True	True	False
CML408	True	True	True	False	True	True	True	False	False	False	False	False	False
CML411	True	True	True	True	True	True	True	True	True	True	True	True	True
CML412	True	False	False	False	True	False	False	False	False	False	False	False	False
CML415	True	True	True	True	True	True	True	False	False	False	False	False	False
CML422	True	True	True	True	True	True	True	False	False	False	False	False	False
CML423	True	True	True	True	True	True	True	True	True	True	True	True	True
CML426	True	True	True	True	True	True	True	True	True	True	True	True	True
CML428	True	True	True	False	True	True	True	True	True	True	True	True	True
CML430	True	False	False	False	False	False	False	True	True	True	True	True	False
CML431	True	True	True	True	True	True	True	True	True	True	True	True	True
CML432	True	True	True	True	True	True	True	True	True	True	True	True	True
CML433	True	False	False	True	True	False	False	False	False	False	False	False	False
CML451	True	True	True	False	True	True	True	True	True	True	True	True	True
CML454	True	True	True	True	True	True	True	False	False	False	False	False	False
CML465	True	True	True	False	True	True	True	False	False	False	False	False	False
CML468	True	True	True	False	False	False	False	False	False	False	False	False	False
CML470	True	True	True	True	True	True	True	True	True	True	True	True	True
CML471	True	True	True	False	True	True	True	True	True	True	True	True	True
CML473	True	False	False	False	True	False	False	False	False	False	False	False	False
CML474	True	False	False	False	False	False	False	False	False	False	False	False	False
CML479	True	True	True	False	True	True	True	False	False	False	False	False	False
CML480	True	True	True	True	True	True	True	False	False	False	False	False	False
CML486	True	True	True	True	True	True	True	False	False	False	False	False	False
CML493	True	True	True	True	True	True	True	True	True	True	True	True	True
CML496	True	True	True	True	True	True	True	False	False	False	False	False	False
CML497	True	True	True	False	True	True	True	False	False	False	False	False	False
CML50	True	True	True	True	True	True	True	False	False	False	False	False	False
CML51	True	True	True	False	True	True	True	False	False	False	False	False	False
CML69	True	True	True	True	True	True	True	True	True	True	True	True	True
CY72	True	True	True	False	False	False	False	False	False	False	False	False	False
D047	True	True	True	False	True	True	True	False	False	False	False	False	False
D863F	True	True	True	True	True	True	True	False	False	False	False	False	False
DAN3130	True	True	True	True	True	True	True	True	True	True	True	True	True
DAN340	True	True	True	True	True	True	True	True	True	True	True	True	True
DAN360	True	True	True	True	True	True	True	True	True	True	True	True	True
DAN4245	True	True	True	True	True	True	True	False	False	False	False	False	False
DAN598	True	True	True	False	True	True	True	True	True	True	True	True	True
DAN599	True	True	True	True	True	True	True	True	True	True	True	True	True
DAN9046	True	True	True	False	False	False	False	False	False	False	False	False	False
DE	True	False	True	False	False	False	False	False	False	False	False	False	False
DE.EX	True	True	False	False	True	False	False	True	True	True	True	True	False
DH29	True	True	True	False	True	True	True	False	False	False	False	False	False
DH3732	True	True	True	True	True	True	True	False	False	False	False	False	False
DONG237	True	True	True	True	True	True	True	False	False	False	False	False	False
DONG46	True	True	True	True	True	True	True	False	False	False	False	False	False
DSB	True	True	True	False	True	True	True	False	False	False	False	False	False
E28	True	True	True	False	False	False	False	False	False	False	False	False	False
EN25	True	True	True	True	True	True	True	False	False	False	False	False	False
ES40	True	True	True	True	True	True	True	False	False	False	False	False	False
FCD0602	True	True	True	True	True	True	True	False	False	False	False	False	False
GEMS1	True	True	True	True	True	True	True	False	False	False	False	False	False
GEMS10	True	True	True	True	True	True	True	True	True	True	True	True	True
GEMS11	True	True	True	True	True	True	True	True	True	True	True	True	True
GEMS12	True	True	True	False	True	True	True	False	False	False	False	False	False
GEMS13	True	True	True	False	True	True	True	True	True	True	True	True	True
GEMS14	True	True	True	True	True	True	True	True	True	True	True	True	True
GEMS15	True	True	True	True	True	True	True	False	False	False	False	False	False
GEMS16	True	True	True	True	True	True	True	False	False	False	False	False	False
GEMS17	True	True	True	True	True	True	True	False	False	False	False	False	False
GEMS18	True	True	True	False	True	True	True	True	True	True	True	True	True
GEMS19	True	True	True	False	True	True	True	True	True	True	True	True	True
GEMS2	True	True	True	True	True	True	True	False	False	False	False	False	False
GEMS20	True	True	True	True	True	True	True	False	False	False	False	False	False
GEMS21	True	True	True	True	True	True	True	True	True	True	True	True	True
GEMS23	True	True	True	True	True	True	True	False	False	False	False	False	False
GEMS24	True	True	True	False	True	True	True	True	True	True	True	True	True
GEMS25	True	True	True	True	True	True	True	False	False	False	False	False	False
GEMS27	True	True	True	False	True	True	True	False	False	False	False	False	False
GEMS28	True	True	True	True	True	True	True	True	True	True	True	True	True
GEMS29	True	True	True	False	True	True	True	True	True	True	True	True	True
GEMS3	True	True	True	True	True	True	True	True	True	True	True	True	True
GEMS30	True	True	True	True	True	True	True	False	False	False	False	False	False
GEMS31	True	True	True	True	True	True	True	True	True	True	True	True	True
GEMS32	True	True	True	True	True	True	True	True	True	True	True	True	True
GEMS33	True	True	True	True	True	True	True	True	True	True	True	True	True
GEMS35	True	True	True	True	True	True	True	False	False	False	False	False	False
GEMS36	True	True	True	False	True	True	True	False	False	False	False	False	False
GEMS37	True	True	True	False	True	True	True	True	True	True	True	True	True
GEMS39	True	True	True	False	True	True	True	False	False	False	False	False	False
GEMS4	True	True	True	True	True	True	True	False	False	False	False	False	False
GEMS40	True	True	True	True	True	True	True	False	False	False	False	False	False
GEMS41	True	True	True	True	True	True	True	False	False	False	False	False	False
GEMS42	True	True	True	False	True	True	True	False	False	False	False	False	False
GEMS43	True	True	True	False	True	True	True	False	False	False	False	False	False
GEMS44	True	True	True	True	True	True	True	False	False	False	False	False	False
GEMS45	True	True	True	False	True	True	True	False	False	False	False	False	False
GEMS46	True	True	True	True	True	True	True	False	False	False	False	False	False
GEMS47	True	True	True	False	True	True	True	True	True	True	True	True	True
GEMS48	True	True	True	True	True	True	True	False	False	False	False	False	False
GEMS49	True	True	True	False	True	True	True	True	True	True	True	True	True
GEMS5	True	True	True	False	True	True	True	True	True	True	True	True	True
GEMS50	True	True	True	True	True	True	True	False	False	False	False	False	False
GEMS51	True	True	True	False	True	True	True	False	False	False	False	False	False
GEMS52	True	True	True	False	True	True	True	False	False	False	False	False	False
GEMS53	True	True	True	False	True	True	True	True	True	True	True	True	True
GEMS54	True	True	True	True	True	True	True	False	False	False	False	False	False
GEMS55	True	True	True	True	True	True	True	False	False	False	False	False	False
GEMS56	True	True	True	False	True	True	True	True	True	True	True	True	True
GEMS57	True	True	True	False	True	True	True	False	False	False	False	False	False
GEMS58	True	True	True	False	True	True	True	False	False	False	False	False	False
GEMS59	True	True	True	False	True	True	True	False	False	False	False	False	False
GEMS6	True	True	True	True	True	True	True	False	False	False	False	False	False
GEMS60	True	True	True	False	True	True	True	True	True	True	True	True	True
GEMS61	True	True	True	True	True	True	True	False	False	False	False	False	False
GEMS62	True	True	True	True	True	True	True	True	True	True	True	True	True
GEMS63	True	True	True	True	True	True	True	True	True	True	True	True	True
GEMS64	True	True	True	False	True	True	True	True	True	True	True	True	True
GEMS65	True	True	True	True	True	True	True	True	True	True	True	True	True
GEMS66	True	True	True	True	True	True	True	False	False	False	False	False	False
GEMS9	True	True	True	True	True	True	True	True	True	True	True	True	True
GY1007	True	False	False	True	False	False	False	False	False	False	False	False	False
GY1032	True	True	True	True	True	True	True	False	False	False	False	False	False
GY220	True	True	True	False	True	True	True	True	True	True	True	True	True
GY237	True	True	True	False	True	True	True	True	True	True	True	True	True
GY246	True	False	False	False	False	False	False	False	False	False	False	False	False
GY386	True	True	True	True	True	True	True	True	True	True	True	True	True
GY386B	True	True	True	False	True	True	True	False	False	False	False	False	False
GY462	True	True	True	True	True	True	True	True	True	True	True	True	True
GY798	True	True	True	True	True	True	True	True	True	True	True	True	True
GY923	True	True	True	True	True	True	True	True	True	True	True	True	True
H21	True	True	True	False	False	False	False	False	False	False	False	False	False
HB	True	True	True	False	True	True	True	False	False	False	False	False	False
HSBN	True	True	True	False	True	True	True	False	False	False	False	False	False
HTH-17	True	True	True	False	True	True	True	False	False	False	False	False	False
HU803	True	False	False	False	True	False	False	True	True	True	True	True	False
HUA83-2	True	True	True	True	True	True	True	False	False	False	False	False	False
HUANGC	True	True	True	False	True	True	True	False	False	False	False	False	False
HYS	True	True	True	True	True	True	True	True	True	True	True	True	True
HZS	True	True	True	True	True	True	True	True	True	True	True	True	True
IRF291	True	True	True	False	True	True	True	False	False	False	False	False	False
IRF314	True	True	True	True	True	True	True	True	True	True	True	True	True
J4112	True	False	False	True	False	False	False	True	True	True	True	True	False
JH59	True	True	True	True	True	True	True	True	True	True	True	True	True
JH96C	True	True	True	True	True	True	True	False	False	False	False	False	False
JI53	True	True	True	False	True	True	True	False	False	False	False	False	False
JI63	True	True	True	True	True	True	True	True	True	True	True	True	True
JI842	True	True	True	True	True	True	True	False	False	False	False	False	False
JI846	True	True	True	True	True	True	True	True	True	True	True	True	True
JI853	True	True	True	True	True	True	True	False	False	False	False	False	False
JIAO51	True	True	True	True	True	True	True	False	False	False	False	False	False
JING24	True	True	True	False	False	False	False	False	False	False	False	False	False
JING724	True	True	True	False	False	False	False	False	False	False	False	False	False
JY01	True	True	True	True	True	True	True	True	True	True	True	True	True
K10	True	True	True	True	True	True	True	False	False	False	False	False	False
K12	True	True	True	False	True	True	True	False	False	False	False	False	False
K14	True	False	False	True	True	False	False	False	False	False	False	False	False
K22	True	True	True	True	True	True	True	True	True	True	True	True	True
L3180	True	True	True	True	True	True	True	True	True	True	True	True	True
LG001	True	True	True	True	True	True	True	True	True	True	True	True	True
LIAO138	True	True	True	False	True	True	True	False	False	False	False	False	False
LIAO159	True	True	True	True	True	True	True	True	True	True	True	True	True
LIAO5114	True	True	True	True	True	True	True	False	False	False	False	False	False
LIAO5262	True	True	True	True	True	True	True	False	False	False	False	False	False
LIAO5263	True	True	True	True	True	True	True	True	True	True	True	True	True
LK11	True	True	True	True	True	True	True	False	False	False	False	False	False
LV28	True	True	True	True	True	True	True	True	True	True	True	True	True
LX9801	True	False	False	True	False	False	False	True	True	True	True	True	False
LXN	True	True	True	True	True	True	True	True	True	True	True	True	True
LY	True	True	True	False	True	True	True	True	True	True	True	True	True
LY042	True	True	True	True	True	True	True	False	False	False	False	False	False
M153	True	True	True	True	True	True	True	False	False	False	False	False	False
M165	True	True	True	False	True	True	True	False	False	False	False	False	False
M97	True	True	True	True	True	True	True	True	True	True	True	True	True
MN	True	True	True	False	True	True	True	False	False	False	False	False	False
MO113	True	False	False	False	True	False	False	False	False	False	False	False	False
MO17	True	True	True	True	True	True	True	True	True	True	True	True	True
NAN21-3	True	True	True	True	True	True	True	False	False	False	False	False	False
NMJT	True	True	True	False	True	True	True	False	False	False	False	False	False
P138	True	True	True	False	True	True	True	True	True	True	True	True	True
P178	True	True	True	True	True	True	True	True	True	True	True	True	True
P6WC	True	True	True	False	False	False	False	False	False	False	False	False	False
PH4VC	True	True	True	False	False	False	False	False	False	False	False	False	False
Q1261	True	False	False	True	False	False	False	True	True	True	True	True	False
Q1261X	True	True	True	False	False	False	False	False	False	False	False	False	False
QI205	True	True	True	True	True	True	True	True	True	True	True	True	True
QI319	True	True	True	False	True	True	True	True	True	True	True	True	True
QTHHSBTS	True	False	False	False	False	False	False	False	False	False	False	False	False
R08	True	True	True	False	True	True	True	False	False	False	False	False	False
R15	True	True	True	False	True	True	True	False	False	False	False	False	False
R15X1141	True	True	True	True	True	True	True	False	False	False	False	False	False
RY684	True	True	True	False	True	True	True	False	False	False	False	False	False
RY697	True	True	True	False	True	True	True	True	True	True	True	True	True
RY713	True	True	True	True	True	True	True	True	True	True	True	True	True
RY729	True	True	True	True	True	True	True	False	False	False	False	False	False
RY732	True	True	True	False	True	True	True	True	True	True	True	True	True
RY737	True	True	True	False	True	True	True	False	False	False	False	False	False
S22	True	True	True	True	False	True	True	False	False	False	False	False	False
S22X	True	True	True	False	False	False	False	False	False	False	False	False	False
S37	True	True	True	True	True	True	True	True	True	True	True	True	True
SC55	True	True	True	True	True	True	True	False	False	False	False	False	False
SHEN135	True	False	False	False	False	False	False	False	False	False	False	False	False
SHEN137	True	True	True	False	True	True	True	True	True	True	True	True	True
SHEN5003	True	True	True	True	True	True	True	False	False	False	False	False	False
SI273	True	True	True	True	True	True	True	True	True	True	True	True	True
SI434	True	True	True	False	True	True	True	False	False	False	False	False	False
SI444	True	False	False	False	True	False	False	False	False	False	False	False	False
SI446	True	True	True	True	True	True	True	False	False	False	False	False	False
SK	True	True	True	False	False	False	False	False	False	False	False	False	False
SW1611	True	True	True	False	False	False	False	False	False	False	False	False	False
SW92E114	True	True	True	True	True	True	True	True	True	True	True	True	True
SY1032	True	True	True	True	True	True	True	True	True	True	True	True	True
SY1035	True	True	True	True	True	True	True	True	True	True	True	True	True
SY1039	True	True	True	True	True	True	True	False	False	False	False	False	False
SY1052	True	True	True	True	True	True	True	True	True	True	True	True	True
SY1077	True	True	True	False	True	True	True	False	False	False	False	False	False
SY1128	True	False	False	True	True	False	False	False	False	False	False	False	False
SY3073	True	True	True	False	True	True	True	True	True	True	True	True	True
SY998	True	True	True	False	True	True	True	False	False	False	False	False	False
SY999	True	True	True	False	True	True	True	False	False	False	False	False	False
TIAN77	True	True	True	True	True	True	True	True	True	True	True	True	True
TIE7922	True	True	True	True	True	True	True	True	True	True	True	True	True
TT16	True	True	True	False	True	True	True	True	True	True	True	True	True
TX5	True	True	True	False	True	True	True	True	True	True	True	True	True
TY1	True	True	True	True	True	True	True	True	True	True	True	True	True
TY10	True	True	True	False	True	True	True	True	True	True	True	True	True
TY11	True	True	True	True	True	True	True	True	True	True	True	True	True
TY2	True	True	True	True	True	True	True	True	True	True	True	True	True
TY3	True	True	True	True	True	True	True	True	True	True	True	True	True
TY4	True	True	True	True	True	True	True	False	False	False	False	False	False
TY5	True	True	True	True	True	True	True	False	False	False	False	False	False
TY6	True	True	True	True	True	True	True	True	True	True	True	True	True
TY7	True	True	True	False	True	True	True	True	True	True	True	True	True
TY8	True	True	True	False	True	True	True	True	True	True	True	True	True
TY9	True	True	True	False	True	True	True	False	False	False	False	False	False
U8112	True	True	True	True	True	True	True	False	False	False	False	False	False
W138	True	True	True	True	True	True	True	True	True	True	True	True	True
WH413	True	True	True	True	True	True	True	False	False	False	False	False	False
WMR	True	True	True	False	True	True	True	True	True	True	True	True	True
WU109	True	True	True	True	True	True	True	True	True	True	True	True	True
XI502	True	True	True	True	True	True	True	False	False	False	False	False	False
XUN971	True	True	True	True	True	True	True	False	False	False	False	False	False
XZ698	True	True	True	True	True	True	True	False	False	False	False	False	False
YAN414	True	True	True	False	True	True	True	False	False	False	False	False	False
YE107	True	False	False	False	True	False	False	False	False	False	False	False	False
YE478	True	True	True	True	True	True	True	False	False	False	False	False	False
YE488	True	True	True	False	False	False	False	True	True	True	True	True	False
YE515	True	True	True	True	True	True	True	False	False	False	False	False	False
YE52106	True	True	True	True	True	True	True	False	False	False	False	False	False
YE8001	True	True	True	True	True	True	True	False	False	False	False	False	False
YU374	True	True	True	True	True	True	True	True	True	True	True	True	True
YU87-1	True	True	True	False	True	True	True	True	True	True	True	True	True
YUN46	True	False	False	False	False	False	False	False	False	False	False	False	False
Z2018F	True	True	True	True	True	True	True	True	True	True	True	True	True
ZAC546	True	True	True	True	True	True	True	False	False	False	False	False	False
ZB648	True	True	True	True	True	True	True	True	True	True	True	True	True
ZH68	True	True	True	True	True	True	True	False	False	False	False	False	False
ZHENG22	True	True	True	False	True	True	True	True	True	True	True	True	True
ZHENG28	True	True	True	True	True	True	True	False	False	False	False	False	False
ZHENG29	True	True	True	True	True	True	True	True	True	True	True	True	True
ZHENG30	True	True	True	True	True	True	True	True	True	True	True	True	True
ZHENG32	True	True	True	True	True	True	True	False	False	False	False	False	False
ZHENG35	True	True	True	True	True	True	True	True	True	True	True	True	True
ZHENG58	True	True	True	False	True	True	True	True	True	True	True	True	True
ZHENG653	True	True	True	True	True	True	True	True	True	True	True	True	True
ZHI41	True	True	True	True	True	True	True	True	True	True	True	True	True
ZHONG69	True	True	True	True	True	True	True	False	False	False	False	False	False
ZI330	True	True	True	False	True	True	True	False	False	False	False	False	False
ZONG3	True	True	True	False	True	True	True	False	False	False	False	False	False
ZONG31	True	True	True	True	True	True	True	False	False	False	False	False	False
ZZ01	True	True	True	True	True	True	True	True	True	True	True	True	True
ZZ03	True	True	True	True	True	True	True	False	False	False	False	False	False
