population_pca	population_structure	metabolite_stock	metabolite_phenotype_stock_name	metabolite_phenotype_sample_id	agri_stock	agri_phenotype_stock_name	agri_phenotype_sample_id	accession_id_norm	raw_ids	has_population	has_metabolite	has_agri_aa_oil	has_any_phenotype	strong_pair_population_phenotype
True	True	True	False	False	True	True	True	04K5672	04K5672	True	False	True	True	True
True	True	True	False	False	True	True	True	04K5686	04K5686	True	False	True	True	True
True	True	True	False	False	True	True	True	04K5702	04K5702	True	False	True	True	True
True	True	True	True	True	True	True	True	05W002	05W002	True	True	True	True	True
True	True	True	True	True	True	True	True	05WN230	05WN230	True	True	True	True	True
True	True	True	True	True	True	True	True	07KS4	07KS4	True	True	True	True	True
True	True	True	False	False	True	True	True	1323	1323	True	False	True	True	True
False	False	True	False	False	True	True	True	1462	1462	False	False	True	True	False
True	True	True	True	True	True	True	True	150	150	True	True	True	True	True
True	True	True	True	True	True	True	True	177	177	True	True	True	True	True
True	True	True	True	True	True	True	True	18-599	18-599	True	True	True	True	True
True	True	True	True	True	True	True	True	238	238	True	True	True	True	True
True	True	True	True	True	True	True	True	268	268	True	True	True	True	True
True	True	True	True	True	True	True	True	303WX	303WX	True	True	True	True	True
False	False	True	False	False	True	False	False	3411	3411	False	False	False	False	False
True	True	False	False	False	False	False	False	3411X	3411X	True	False	False	False	False
True	True	True	False	False	True	True	True	384-2	384-2	True	False	True	True	True
False	False	True	False	False	True	False	False	3H-2	3H-2	False	False	False	False	False
True	True	False	False	False	False	False	False	3H-2X	3H-2X	True	False	False	False	False
False	False	True	True	True	True	True	True	4019	4019	False	True	True	True	False
True	True	True	True	True	True	True	True	4F1	4F1	True	True	True	True	True
True	True	True	False	False	True	True	True	501	501	True	False	True	True	True
False	False	True	True	True	True	False	False	5213	5213	False	True	False	True	False
True	True	True	True	True	True	True	True	5237	5237	True	True	True	True	True
True	True	True	True	True	True	True	True	526018	526018	True	True	True	True	True
True	True	True	False	False	True	True	True	5311	5311	True	False	True	True	True
True	True	True	True	True	True	True	True	647	647	True	True	True	True	True
True	True	True	True	True	True	True	True	7327	7327	True	True	True	True	True
False	False	True	True	True	True	True	True	7381	7381	False	True	True	True	False
True	True	True	True	True	True	True	True	7884-4HT	7884-4HT	True	True	True	True	True
True	True	True	True	True	True	True	True	81162	81162	True	True	True	True	True
True	True	True	False	False	True	True	True	812	812	True	False	True	True	True
True	True	False	False	False	False	False	False	832	832	True	False	False	False	False
False	False	True	True	True	True	False	False	835A	835A	False	True	False	True	False
True	True	True	True	True	True	True	True	835B	835B	True	True	True	True	True
True	True	True	True	True	True	True	True	8902	8902	True	True	True	True	True
True	True	True	True	True	True	True	True	9642	9642	True	True	True	True	True
True	True	True	True	True	True	True	True	975-12	975-12	True	True	True	True	True
True	True	True	False	False	True	True	True	9782	9782	True	False	True	True	True
True	True	True	False	False	True	True	True	A619	A619	True	False	True	True	True
True	True	True	True	True	True	True	True	B11	B11	True	True	True	True	True
True	True	True	True	True	True	True	True	B110	B110	True	True	True	True	True
True	True	True	True	True	True	True	True	B111	B111	True	True	True	True	True
True	True	True	False	False	True	True	True	B113	B113	True	False	True	True	True
True	True	True	True	True	True	True	True	B114	B114	True	True	True	True	True
True	True	True	True	True	True	True	True	B151	B151	True	True	True	True	True
True	True	True	True	True	True	True	True	B73	B73	True	True	True	True	True
True	True	True	True	True	True	True	True	B77	B77	True	True	True	True	True
True	True	True	False	False	True	True	True	BEM	BEM	True	False	True	True	True
True	True	True	False	False	True	True	True	BGY	BGY	True	False	True	True	True
True	True	False	False	False	False	False	False	BK	BK	True	False	False	False	False
True	True	True	True	True	True	True	True	BS16	BS16	True	True	True	True	True
True	True	False	False	False	False	False	False	BT1	BT1	True	False	False	False	False
True	True	True	True	True	True	True	True	BY4839	BY4839	True	True	True	True	True
True	True	True	True	True	True	True	True	BY4944	BY4944	True	True	True	True	True
True	True	True	True	True	True	True	True	BY4960	BY4960	True	True	True	True	True
True	True	True	True	True	True	True	True	BY804	BY804	True	True	True	True	True
True	True	True	True	True	True	True	True	BY807	BY807	True	True	True	True	True
True	True	True	True	True	True	True	True	BY809	BY809	True	True	True	True	True
True	True	True	True	True	True	True	True	BY813	BY813	True	True	True	True	True
True	True	True	True	True	True	True	True	BY815	BY815	True	True	True	True	True
True	True	True	False	False	True	True	True	BY843	BY843	True	False	True	True	True
True	True	True	True	True	True	True	True	BY855	BY855	True	True	True	True	True
True	True	True	True	True	True	True	True	BZN	BZN	True	True	True	True	True
True	True	True	False	False	True	True	True	C8605	C8605	True	False	True	True	True
False	False	True	True	True	True	False	False	CA47	CA47	False	True	False	True	False
True	True	True	False	False	True	True	True	CF3	CF3	True	False	True	True	True
True	True	True	True	True	True	True	True	CHANG3	CHANG3	True	True	True	True	True
True	True	True	False	False	True	True	True	CHANG7-2	CHANG7-2	True	False	True	True	True
True	True	True	True	True	True	True	True	CHENG698	CHENG698	True	True	True	True	True
True	True	True	True	True	True	True	True	CHUAN48-2	CHUAN48-2	True	True	True	True	True
True	True	True	True	True	True	True	True	CI7	CI7	True	True	True	True	True
True	True	True	True	True	True	True	True	CIMBL1	CIMBL1	True	True	True	True	True
True	True	True	True	True	True	True	True	CIMBL10	CIMBL10	True	True	True	True	True
True	True	True	True	True	True	True	True	CIMBL100	CIMBL100	True	True	True	True	True
True	True	True	True	True	True	True	True	CIMBL101	CIMBL101	True	True	True	True	True
True	True	True	True	True	True	True	True	CIMBL102	CIMBL102	True	True	True	True	True
False	False	True	False	False	True	False	False	CIMBL103	CIMBL103	False	False	False	False	False
True	True	False	False	False	False	False	False	CIMBL104	CIMBL104	True	False	False	False	False
True	True	True	True	True	True	True	True	CIMBL105	CIMBL105	True	True	True	True	True
True	True	True	True	True	True	True	True	CIMBL106	CIMBL106	True	True	True	True	True
True	True	True	False	False	True	True	True	CIMBL107	CIMBL107	True	False	True	True	True
True	True	True	True	True	True	True	True	CIMBL108	CIMBL108	True	True	True	True	True
False	False	True	True	True	True	True	True	CIMBL109	CIMBL109	False	True	True	True	False
True	True	True	True	True	True	True	True	CIMBL11	CIMBL11	True	True	True	True	True
True	True	True	False	False	True	True	True	CIMBL110	CIMBL110	True	False	True	True	True
True	True	True	True	True	True	True	True	CIMBL111	CIMBL111	True	True	True	True	True
True	True	True	False	False	True	True	True	CIMBL112	CIMBL112	True	False	True	True	True
True	True	True	True	True	True	True	True	CIMBL113	CIMBL113	True	True	True	True	True
True	True	True	True	True	True	True	True	CIMBL114	CIMBL114	True	True	True	True	True
True	True	True	True	True	True	True	True	CIMBL115	CIMBL115	True	True	True	True	True
True	True	True	True	True	True	True	True	CIMBL116	CIMBL116	True	True	True	True	True
True	True	True	False	False	True	True	True	CIMBL117	CIMBL117	True	False	True	True	True
True	True	True	False	False	True	True	True	CIMBL118	CIMBL118	True	False	True	True	True
True	True	True	True	True	True	True	True	CIMBL119	CIMBL119	True	True	True	True	True
False	False	True	True	True	True	False	False	CIMBL12	CIMBL12	False	True	False	True	False
True	True	True	True	True	True	True	True	CIMBL120	CIMBL120	True	True	True	True	True
True	True	True	True	True	True	True	True	CIMBL121	CIMBL121	True	True	True	True	True
True	True	True	True	True	True	True	True	CIMBL122	CIMBL122	True	True	True	True	True
True	True	True	True	True	True	True	True	CIMBL123	CIMBL123	True	True	True	True	True
True	True	True	True	True	True	True	True	CIMBL124	CIMBL124	True	True	True	True	True
True	True	True	True	True	True	True	True	CIMBL125	CIMBL125	True	True	True	True	True
True	True	True	False	False	True	True	True	CIMBL126	CIMBL126	True	False	True	True	True
True	True	True	True	True	True	True	True	CIMBL127	CIMBL127	True	True	True	True	True
True	True	True	False	False	True	True	True	CIMBL128	CIMBL128	True	False	True	True	True
True	True	True	True	True	True	True	True	CIMBL129	CIMBL129	True	True	True	True	True
True	True	True	True	True	True	True	True	CIMBL13	CIMBL13	True	True	True	True	True
True	True	False	False	False	False	False	False	CIMBL130	CIMBL130	True	False	False	False	False
True	True	False	False	False	False	False	False	CIMBL131	CIMBL131	True	False	False	False	False
True	True	False	False	False	False	False	False	CIMBL132	CIMBL132	True	False	False	False	False
True	True	True	True	True	True	True	True	CIMBL133	CIMBL133	True	True	True	True	True
True	True	True	False	False	True	True	True	CIMBL134	CIMBL134	True	False	True	True	True
True	True	False	False	False	False	False	False	CIMBL135	CIMBL135	True	False	False	False	False
True	True	True	False	False	True	True	True	CIMBL136	CIMBL136	True	False	True	True	True
True	True	True	True	True	True	True	True	CIMBL137	CIMBL137	True	True	True	True	True
True	True	True	False	False	True	True	True	CIMBL138	CIMBL138	True	False	True	True	True
True	True	True	True	True	True	True	True	CIMBL139	CIMBL139	True	True	True	True	True
True	True	True	False	False	True	True	True	CIMBL14	CIMBL14	True	False	True	True	True
True	True	True	True	True	True	True	True	CIMBL140	CIMBL140	True	True	True	True	True
True	True	True	True	True	True	True	True	CIMBL141	CIMBL141	True	True	True	True	True
True	True	True	True	True	True	True	True	CIMBL142	CIMBL142	True	True	True	True	True
True	True	True	True	True	True	True	True	CIMBL143	CIMBL143	True	True	True	True	True
True	True	True	True	True	True	True	True	CIMBL144	CIMBL144	True	True	True	True	True
True	True	True	True	True	True	True	True	CIMBL145	CIMBL145	True	True	True	True	True
True	True	True	False	False	True	True	True	CIMBL146	CIMBL146	True	False	True	True	True
True	True	True	True	True	True	True	True	CIMBL147	CIMBL147	True	True	True	True	True
True	True	True	False	False	True	True	True	CIMBL148	CIMBL148	True	False	True	True	True
True	True	True	True	True	True	True	True	CIMBL149	CIMBL149	True	True	True	True	True
True	True	True	True	True	True	True	True	CIMBL15	CIMBL15	True	True	True	True	True
True	True	True	True	True	True	True	True	CIMBL150	CIMBL150	True	True	True	True	True
True	True	True	True	True	True	True	True	CIMBL151	CIMBL151	True	True	True	True	True
True	True	True	True	True	True	True	True	CIMBL152	CIMBL152	True	True	True	True	True
True	True	True	True	True	True	True	True	CIMBL153	CIMBL153	True	True	True	True	True
True	True	True	False	False	True	True	True	CIMBL154	CIMBL154	True	False	True	True	True
True	True	True	False	False	True	True	True	CIMBL155	CIMBL155	True	False	True	True	True
True	True	True	True	True	True	True	True	CIMBL156	CIMBL156	True	True	True	True	True
True	True	True	True	True	True	True	True	CIMBL157	CIMBL157	True	True	True	True	True
True	True	True	True	True	True	True	True	CIMBL16	CIMBL16	True	True	True	True	True
True	True	True	True	True	True	True	True	CIMBL17	CIMBL17	True	True	True	True	True
True	True	True	True	True	True	True	True	CIMBL18	CIMBL18	True	True	True	True	True
True	True	True	True	True	True	True	True	CIMBL19	CIMBL19	True	True	True	True	True
True	True	True	True	True	True	True	True	CIMBL2	CIMBL2	True	True	True	True	True
True	True	True	False	False	True	True	True	CIMBL20	CIMBL20	True	False	True	True	True
True	True	True	True	True	True	True	True	CIMBL21	CIMBL21	True	True	True	True	True
True	True	True	True	True	True	True	True	CIMBL22	CIMBL22	True	True	True	True	True
True	True	True	True	True	True	True	True	CIMBL23	CIMBL23	True	True	True	True	True
False	False	True	False	False	True	True	True	CIMBL24	CIMBL24	False	False	True	True	False
True	True	True	True	True	True	True	True	CIMBL25	CIMBL25	True	True	True	True	True
True	True	True	False	False	True	True	True	CIMBL26	CIMBL26	True	False	True	True	True
True	True	True	True	True	True	True	True	CIMBL27	CIMBL27	True	True	True	True	True
True	True	True	True	True	True	True	True	CIMBL28	CIMBL28	True	True	True	True	True
False	False	True	True	True	True	True	True	CIMBL29	CIMBL29	False	True	True	True	False
True	True	True	True	True	True	True	True	CIMBL3	CIMBL3	True	True	True	True	True
True	True	True	False	False	True	True	True	CIMBL30	CIMBL30	True	False	True	True	True
True	True	True	False	False	True	True	True	CIMBL31	CIMBL31	True	False	True	True	True
True	True	True	True	True	True	True	True	CIMBL32	CIMBL32	True	True	True	True	True
True	True	True	False	False	True	True	True	CIMBL33	CIMBL33	True	False	True	True	True
True	True	True	False	False	True	True	True	CIMBL34	CIMBL34	True	False	True	True	True
True	True	False	False	False	False	False	False	CIMBL35	CIMBL35	True	False	False	False	False
True	True	False	False	False	False	False	False	CIMBL36	CIMBL36	True	False	False	False	False
True	True	False	False	False	False	False	False	CIMBL37	CIMBL37	True	False	False	False	False
True	True	True	True	True	True	True	True	CIMBL38	CIMBL38	True	True	True	True	True
False	False	True	False	False	True	False	False	CIMBL39	CIMBL39	False	False	False	False	False
True	True	False	False	False	False	False	False	CIMBL39X	CIMBL39X	True	False	False	False	False
True	True	True	True	True	True	True	True	CIMBL4	CIMBL4	True	True	True	True	True
True	True	True	True	True	True	True	True	CIMBL40	CIMBL40	True	True	True	True	True
True	True	False	False	False	False	False	False	CIMBL41	CIMBL41	True	False	False	False	False
True	True	True	True	True	True	True	True	CIMBL42	CIMBL42	True	True	True	True	True
True	True	True	True	True	True	True	True	CIMBL43	CIMBL43	True	True	True	True	True
True	True	True	False	False	True	True	True	CIMBL44	CIMBL44	True	False	True	True	True
False	False	True	False	False	True	False	False	CIMBL45	CIMBL45	False	False	False	False	False
True	True	False	False	False	False	False	False	CIMBL45X	CIMBL45X	True	False	False	False	False
True	True	True	True	True	True	True	True	CIMBL46	CIMBL46	True	True	True	True	True
True	True	True	True	True	True	True	True	CIMBL47	CIMBL47	True	True	True	True	True
True	True	True	True	True	True	True	True	CIMBL48	CIMBL48	True	True	True	True	True
True	True	True	True	True	True	True	True	CIMBL49	CIMBL49	True	True	True	True	True
True	True	True	True	True	True	True	True	CIMBL5	CIMBL5	True	True	True	True	True
True	True	True	True	True	True	True	True	CIMBL50	CIMBL50	True	True	True	True	True
True	True	True	True	True	True	True	True	CIMBL51	CIMBL51	True	True	True	True	True
True	True	True	True	True	True	True	True	CIMBL52	CIMBL52	True	True	True	True	True
True	True	True	True	True	True	True	True	CIMBL53	CIMBL53	True	True	True	True	True
True	True	True	True	True	True	True	True	CIMBL54	CIMBL54	True	True	True	True	True
False	False	True	True	True	True	False	False	CIMBL55	CIMBL55	False	True	False	True	False
True	True	True	True	True	True	True	True	CIMBL56	CIMBL56	True	True	True	True	True
True	True	True	False	False	True	True	True	CIMBL57	CIMBL57	True	False	True	True	True
True	True	True	True	True	True	True	True	CIMBL58	CIMBL58	True	True	True	True	True
True	True	True	True	True	True	True	True	CIMBL59	CIMBL59	True	True	True	True	True
True	True	True	True	True	True	True	True	CIMBL6	CIMBL6	True	True	True	True	True
True	True	True	True	True	True	True	True	CIMBL60	CIMBL60	True	True	True	True	True
False	False	True	False	False	True	False	False	CIMBL61	CIMBL61	False	False	False	False	False
True	True	False	False	False	False	False	False	CIMBL61X	CIMBL61X	True	False	False	False	False
True	True	True	True	True	True	True	True	CIMBL62	CIMBL62	True	True	True	True	True
True	True	True	True	True	True	True	True	CIMBL63	CIMBL63	True	True	True	True	True
True	True	True	False	False	True	True	True	CIMBL65	CIMBL65	True	False	True	True	True
True	True	True	False	False	True	True	True	CIMBL66	CIMBL66	True	False	True	True	True
True	True	True	False	False	True	True	True	CIMBL67	CIMBL67	True	False	True	True	True
True	True	True	True	True	True	True	True	CIMBL68	CIMBL68	True	True	True	True	True
True	True	True	True	True	True	True	True	CIMBL69	CIMBL69	True	True	True	True	True
True	True	True	True	True	True	True	True	CIMBL7	CIMBL7	True	True	True	True	True
True	True	True	True	True	True	True	True	CIMBL70	CIMBL70	True	True	True	True	True
True	True	True	True	True	True	True	True	CIMBL71	CIMBL71	True	True	True	True	True
True	True	True	False	False	True	True	True	CIMBL72	CIMBL72	True	False	True	True	True
False	False	True	False	False	True	False	False	CIMBL73	CIMBL73	False	False	False	False	False
True	True	False	False	False	False	False	False	CIMBL73X	CIMBL73X	True	False	False	False	False
True	True	True	True	True	True	True	True	CIMBL74	CIMBL74	True	True	True	True	True
True	True	True	True	True	True	True	True	CIMBL75	CIMBL75	True	True	True	True	True
True	True	True	False	False	True	True	True	CIMBL76	CIMBL76	True	False	True	True	True
True	True	True	True	True	True	True	True	CIMBL77	CIMBL77	True	True	True	True	True
True	True	True	False	False	True	True	True	CIMBL78	CIMBL78	True	False	True	True	True
True	True	True	True	True	True	True	True	CIMBL79	CIMBL79	True	True	True	True	True
True	True	True	False	False	True	True	True	CIMBL8	CIMBL8	True	False	True	True	True
False	False	True	False	False	True	False	False	CIMBL80	CIMBL80	False	False	False	False	False
True	True	False	False	False	False	False	False	CIMBL80X	CIMBL80X	True	False	False	False	False
True	True	True	True	True	True	True	True	CIMBL81	CIMBL81	True	True	True	True	True
True	True	True	True	True	True	True	True	CIMBL82	CIMBL82	True	True	True	True	True
True	True	True	True	True	True	True	True	CIMBL83	CIMBL83	True	True	True	True	True
True	True	True	True	True	True	True	True	CIMBL84	CIMBL84	True	True	True	True	True
False	False	True	False	False	True	False	False	CIMBL85	CIMBL85	False	False	False	False	False
True	True	False	False	False	False	False	False	CIMBL85X	CIMBL85X	True	False	False	False	False
True	True	True	True	True	True	True	True	CIMBL86	CIMBL86	True	True	True	True	True
False	False	True	True	True	True	False	False	CIMBL87	CIMBL87	False	True	False	True	False
True	True	False	False	False	False	False	False	CIMBL87X	CIMBL87X	True	False	False	False	False
True	True	True	True	True	True	True	True	CIMBL88	CIMBL88	True	True	True	True	True
True	True	True	True	True	True	True	True	CIMBL89	CIMBL89	True	True	True	True	True
True	True	True	True	True	True	True	True	CIMBL9	CIMBL9	True	True	True	True	True
True	True	True	False	False	True	True	True	CIMBL90	CIMBL90	True	False	True	True	True
True	True	True	True	True	True	True	True	CIMBL91	CIMBL91	True	True	True	True	True
True	True	True	True	True	True	True	True	CIMBL92	CIMBL92	True	True	True	True	True
True	True	True	True	True	True	True	True	CIMBL93	CIMBL93	True	True	True	True	True
True	True	True	True	True	True	True	True	CIMBL94	CIMBL94	True	True	True	True	True
True	True	True	True	True	True	True	True	CIMBL95	CIMBL95	True	True	True	True	True
True	True	True	True	True	True	True	True	CIMBL96	CIMBL96	True	True	True	True	True
True	True	True	False	False	True	True	True	CIMBL97	CIMBL97	True	False	True	True	True
True	True	True	True	True	True	True	True	CIMBL98	CIMBL98	True	True	True	True	True
True	True	True	True	True	True	True	True	CIMBL99	CIMBL99	True	True	True	True	True
True	True	True	False	False	True	True	True	CML113	CML113	True	False	True	True	True
True	True	True	True	True	True	True	True	CML114	CML114	True	True	True	True	True
True	True	True	True	True	True	False	False	CML115	CML115	True	True	False	True	True
True	True	False	False	False	False	False	False	CML115X	CML115X	True	False	False	False	False
False	False	True	True	True	True	False	False	CML116	CML116	False	True	False	True	False
True	True	True	True	True	True	True	True	CML118	CML118	True	True	True	True	True
True	True	True	True	True	True	True	True	CML121	CML121	True	True	True	True	True
True	True	True	True	True	True	True	True	CML122	CML122	True	True	True	True	True
True	True	True	True	True	True	True	True	CML130	CML130	True	True	True	True	True
True	True	True	True	True	True	True	True	CML134	CML134	True	True	True	True	True
True	True	True	True	True	True	True	True	CML139	CML139	True	True	True	True	True
True	True	True	True	True	True	True	True	CML162	CML162	True	True	True	True	True
True	True	True	True	True	True	True	True	CML163	CML163	True	True	True	True	True
True	True	True	True	True	True	True	True	CML165	CML165	True	True	True	True	True
False	False	True	False	False	True	False	False	CML166	CML166	False	False	False	False	False
True	True	True	False	False	True	True	True	CML168	CML168	True	False	True	True	True
True	True	True	True	True	True	True	True	CML169	CML169	True	True	True	True	True
True	True	True	True	True	True	True	True	CML170	CML170	True	True	True	True	True
True	True	True	True	True	True	True	True	CML171	CML171	True	True	True	True	True
True	True	True	True	True	True	True	True	CML172	CML172	True	True	True	True	True
True	True	True	True	True	True	True	True	CML189	CML189	True	True	True	True	True
True	True	True	True	True	True	True	True	CML191	CML191	True	True	True	True	True
True	True	True	True	True	True	True	True	CML192	CML192	True	True	True	True	True
True	True	True	True	True	True	True	True	CML20	CML20	True	True	True	True	True
True	True	True	False	False	True	True	True	CML223	CML223	True	False	True	True	True
True	True	True	False	False	True	True	True	CML225	CML225	True	False	True	True	True
True	True	True	False	False	True	True	True	CML226	CML226	True	False	True	True	True
True	True	True	False	False	True	True	True	CML228	CML228	True	False	True	True	True
True	True	False	False	False	False	False	False	CML229	CML229	True	False	False	False	False
True	True	True	False	False	True	True	True	CML27	CML27	True	False	True	True	True
True	True	True	False	False	True	True	True	CML28	CML28	True	False	True	True	True
True	True	False	False	False	False	False	False	CML282	CML282	True	False	False	False	False
True	True	False	False	False	False	False	False	CML285	CML285	True	False	False	False	False
False	False	True	False	False	True	False	False	CML286	CML286	False	False	False	False	False
True	True	False	False	False	False	False	False	CML286X	CML286X	True	False	False	False	False
False	False	True	False	False	True	False	False	CML287	CML287	False	False	False	False	False
True	True	False	False	False	False	False	False	CML287X	CML287X	True	False	False	False	False
True	True	False	False	False	False	False	False	CML289	CML289	True	False	False	False	False
True	True	False	False	False	False	False	False	CML29	CML29	True	False	False	False	False
True	True	True	True	True	True	True	True	CML290	CML290	True	True	True	True	True
True	True	True	False	False	True	True	True	CML298	CML298	True	False	True	True	True
True	True	True	False	False	True	True	True	CML300	CML300	True	False	True	True	True
False	False	True	True	True	True	True	True	CML304	CML304	False	True	True	True	False
True	True	True	False	False	True	True	True	CML305	CML305	True	False	True	True	True
True	True	True	False	False	True	True	True	CML307	CML307	True	False	True	True	True
True	True	True	True	True	True	True	True	CML31	CML31	True	True	True	True	True
True	True	True	True	True	True	True	True	CML32	CML32	True	True	True	True	True
True	True	True	True	True	True	True	True	CML323	CML323	True	True	True	True	True
True	True	True	True	True	True	True	True	CML324	CML324	True	True	True	True	True
True	True	True	True	True	True	True	True	CML325	CML325	True	True	True	True	True
False	False	True	False	False	True	False	False	CML326	CML326	False	False	False	False	False
True	True	False	False	False	False	False	False	CML326X	CML326X	True	False	False	False	False
True	True	True	True	True	True	True	True	CML327	CML327	True	True	True	True	True
True	True	True	True	True	True	True	True	CML338	CML338	True	True	True	True	True
True	True	True	True	True	True	True	True	CML360	CML360	True	True	True	True	True
True	True	True	True	True	True	True	True	CML361	CML361	True	True	True	True	True
True	True	True	False	False	True	True	True	CML364	CML364	True	False	True	True	True
True	True	False	False	False	False	False	False	CML40	CML40	True	False	False	False	False
True	True	True	False	False	True	True	True	CML408	CML408	True	False	True	True	True
True	True	True	True	True	True	True	True	CML411	CML411	True	True	True	True	True
False	False	True	False	False	True	True	True	CML412	CML412	False	False	True	True	False
True	True	True	True	True	True	True	True	CML415	CML415	True	True	True	True	True
True	True	True	True	True	True	True	True	CML422	CML422	True	True	True	True	True
True	True	True	True	True	True	True	True	CML423	CML423	True	True	True	True	True
True	True	True	True	True	True	True	True	CML426	CML426	True	True	True	True	True
True	True	True	False	False	True	True	True	CML428	CML428	True	False	True	True	True
False	False	True	False	False	True	False	False	CML430	CML430	False	False	False	False	False
True	True	True	True	True	True	True	True	CML431	CML431	True	True	True	True	True
True	True	True	True	True	True	True	True	CML432	CML432	True	True	True	True	True
False	False	True	True	True	True	True	True	CML433	CML433	False	True	True	True	False
True	True	True	False	False	True	True	True	CML451	CML451	True	False	True	True	True
True	True	True	True	True	True	True	True	CML454	CML454	True	True	True	True	True
True	True	True	False	False	True	True	True	CML465	CML465	True	False	True	True	True
True	True	False	False	False	False	False	False	CML468	CML468	True	False	False	False	False
True	True	True	True	True	True	True	True	CML470	CML470	True	True	True	True	True
True	True	True	False	False	True	True	True	CML471	CML471	True	False	True	True	True
False	False	True	False	False	True	True	True	CML473	CML473	False	False	True	True	False
False	False	True	False	False	True	False	False	CML474	CML474	False	False	False	False	False
True	True	True	False	False	True	True	True	CML479	CML479	True	False	True	True	True
True	True	True	True	True	True	True	True	CML480	CML480	True	True	True	True	True
True	True	True	True	True	True	True	True	CML486	CML486	True	True	True	True	True
True	True	True	True	True	True	True	True	CML493	CML493	True	True	True	True	True
True	True	True	True	True	True	True	True	CML496	CML496	True	True	True	True	True
True	True	True	False	False	True	True	True	CML497	CML497	True	False	True	True	True
True	True	True	True	True	True	True	True	CML50	CML50	True	True	True	True	True
True	True	True	False	False	True	True	True	CML51	CML51	True	False	True	True	True
True	True	True	True	True	True	True	True	CML69	CML69	True	True	True	True	True
True	True	False	False	False	False	False	False	CY72	CY72	True	False	False	False	False
True	True	True	False	False	True	True	True	D047	D047	True	False	True	True	True
True	True	True	True	True	True	True	True	D863F	D863F	True	True	True	True	True
True	True	True	True	True	True	True	True	DAN3130	DAN3130	True	True	True	True	True
True	True	True	True	True	True	True	True	DAN340	DAN340	True	True	True	True	True
True	True	True	True	True	True	True	True	DAN360	DAN360	True	True	True	True	True
True	True	True	True	True	True	True	True	DAN4245	DAN4245	True	True	True	True	True
True	True	True	False	False	True	True	True	DAN598	DAN598	True	False	True	True	True
True	True	True	True	True	True	True	True	DAN599	DAN599	True	True	True	True	True
True	True	False	False	False	False	False	False	DAN9046	DAN9046	True	False	False	False	False
True	True	False	False	False	False	False	False	DE	DE	True	False	False	False	False
False	False	True	False	False	True	True	True	DE.EX	DE.EX	False	False	True	True	False
True	True	True	False	False	True	True	True	DH29	DH29	True	False	True	True	True
True	True	True	True	True	True	True	True	DH3732	DH3732	True	True	True	True	True
True	True	True	True	True	True	True	True	DONG237	DONG237	True	True	True	True	True
True	True	True	True	True	True	True	True	DONG46	DONG46	True	True	True	True	True
True	True	True	False	False	True	True	True	DSB	DSB	True	False	True	True	True
True	True	False	False	False	False	False	False	E28	E28	True	False	False	False	False
True	True	True	True	True	True	True	True	EN25	EN25	True	True	True	True	True
True	True	True	True	True	True	True	True	ES40	ES40	True	True	True	True	True
True	True	True	True	True	True	True	True	FCD0602	FCD0602	True	True	True	True	True
True	True	True	True	True	True	True	True	GEMS1	GEMS1	True	True	True	True	True
True	True	True	True	True	True	True	True	GEMS10	GEMS10	True	True	True	True	True
True	True	True	True	True	True	True	True	GEMS11	GEMS11	True	True	True	True	True
True	True	True	False	False	True	True	True	GEMS12	GEMS12	True	False	True	True	True
True	True	True	False	False	True	True	True	GEMS13	GEMS13	True	False	True	True	True
True	True	True	True	True	True	True	True	GEMS14	GEMS14	True	True	True	True	True
True	True	True	True	True	True	True	True	GEMS15	GEMS15	True	True	True	True	True
True	True	True	True	True	True	True	True	GEMS16	GEMS16	True	True	True	True	True
True	True	True	True	True	True	True	True	GEMS17	GEMS17	True	True	True	True	True
True	True	True	False	False	True	True	True	GEMS18	GEMS18	True	False	True	True	True
True	True	True	False	False	True	True	True	GEMS19	GEMS19	True	False	True	True	True
True	True	True	True	True	True	True	True	GEMS2	GEMS2	True	True	True	True	True
True	True	True	True	True	True	True	True	GEMS20	GEMS20	True	True	True	True	True
True	True	True	True	True	True	True	True	GEMS21	GEMS21	True	True	True	True	True
True	True	True	True	True	True	True	True	GEMS23	GEMS23	True	True	True	True	True
True	True	True	False	False	True	True	True	GEMS24	GEMS24	True	False	True	True	True
True	True	True	True	True	True	True	True	GEMS25	GEMS25	True	True	True	True	True
True	True	True	False	False	True	True	True	GEMS27	GEMS27	True	False	True	True	True
True	True	True	True	True	True	True	True	GEMS28	GEMS28	True	True	True	True	True
True	True	True	False	False	True	True	True	GEMS29	GEMS29	True	False	True	True	True
True	True	True	True	True	True	True	True	GEMS3	GEMS3	True	True	True	True	True
True	True	True	True	True	True	True	True	GEMS30	GEMS30	True	True	True	True	True
True	True	True	True	True	True	True	True	GEMS31	GEMS31	True	True	True	True	True
True	True	True	True	True	True	True	True	GEMS32	GEMS32	True	True	True	True	True
True	True	True	True	True	True	True	True	GEMS33	GEMS33	True	True	True	True	True
True	True	True	True	True	True	True	True	GEMS35	GEMS35	True	True	True	True	True
True	True	True	False	False	True	True	True	GEMS36	GEMS36	True	False	True	True	True
True	True	True	False	False	True	True	True	GEMS37	GEMS37	True	False	True	True	True
True	True	True	False	False	True	True	True	GEMS39	GEMS39	True	False	True	True	True
True	True	True	True	True	True	True	True	GEMS4	GEMS4	True	True	True	True	True
True	True	True	True	True	True	True	True	GEMS40	GEMS40	True	True	True	True	True
True	True	True	True	True	True	True	True	GEMS41	GEMS41	True	True	True	True	True
True	True	True	False	False	True	True	True	GEMS42	GEMS42	True	False	True	True	True
True	True	True	False	False	True	True	True	GEMS43	GEMS43	True	False	True	True	True
True	True	True	True	True	True	True	True	GEMS44	GEMS44	True	True	True	True	True
True	True	True	False	False	True	True	True	GEMS45	GEMS45	True	False	True	True	True
True	True	True	True	True	True	True	True	GEMS46	GEMS46	True	True	True	True	True
True	True	True	False	False	True	True	True	GEMS47	GEMS47	True	False	True	True	True
True	True	True	True	True	True	True	True	GEMS48	GEMS48	True	True	True	True	True
True	True	True	False	False	True	True	True	GEMS49	GEMS49	True	False	True	True	True
True	True	True	False	False	True	True	True	GEMS5	GEMS5	True	False	True	True	True
True	True	True	True	True	True	True	True	GEMS50	GEMS50	True	True	True	True	True
True	True	True	False	False	True	True	True	GEMS51	GEMS51	True	False	True	True	True
True	True	True	False	False	True	True	True	GEMS52	GEMS52	True	False	True	True	True
True	True	True	False	False	True	True	True	GEMS53	GEMS53	True	False	True	True	True
True	True	True	True	True	True	True	True	GEMS54	GEMS54	True	True	True	True	True
True	True	True	True	True	True	True	True	GEMS55	GEMS55	True	True	True	True	True
True	True	True	False	False	True	True	True	GEMS56	GEMS56	True	False	True	True	True
True	True	True	False	False	True	True	True	GEMS57	GEMS57	True	False	True	True	True
True	True	True	False	False	True	True	True	GEMS58	GEMS58	True	False	True	True	True
True	True	True	False	False	True	True	True	GEMS59	GEMS59	True	False	True	True	True
True	True	True	True	True	True	True	True	GEMS6	GEMS6	True	True	True	True	True
True	True	True	False	False	True	True	True	GEMS60	GEMS60	True	False	True	True	True
True	True	True	True	True	True	True	True	GEMS61	GEMS61	True	True	True	True	True
True	True	True	True	True	True	True	True	GEMS62	GEMS62	True	True	True	True	True
True	True	True	True	True	True	True	True	GEMS63	GEMS63	True	True	True	True	True
True	True	True	False	False	True	True	True	GEMS64	GEMS64	True	False	True	True	True
True	True	True	True	True	True	True	True	GEMS65	GEMS65	True	True	True	True	True
True	True	True	True	True	True	True	True	GEMS66	GEMS66	True	True	True	True	True
True	True	True	True	True	True	True	True	GEMS9	GEMS9	True	True	True	True	True
False	False	True	True	True	True	False	False	GY1007	GY1007	False	True	False	True	False
True	True	True	True	True	True	True	True	GY1032	GY1032	True	True	True	True	True
True	True	True	False	False	True	True	True	GY220	GY220	True	False	True	True	True
True	True	True	False	False	True	True	True	GY237	GY237	True	False	True	True	True
False	False	True	False	False	True	False	False	GY246	GY246	False	False	False	False	False
True	True	True	True	True	True	True	True	GY386	GY386	True	True	True	True	True
True	True	True	False	False	True	True	True	GY386B	GY386B	True	False	True	True	True
True	True	True	True	True	True	True	True	GY462	GY462	True	True	True	True	True
True	True	True	True	True	True	True	True	GY798	GY798	True	True	True	True	True
True	True	True	True	True	True	True	True	GY923	GY923	True	True	True	True	True
True	True	False	False	False	False	False	False	H21	H21	True	False	False	False	False
True	True	True	False	False	True	True	True	HB	HB	True	False	True	True	True
True	True	True	False	False	True	True	True	HSBN	HSBN	True	False	True	True	True
True	True	True	False	False	True	True	True	HTH-17	HTH-17	True	False	True	True	True
False	False	True	False	False	True	True	True	HU803	HU803	False	False	True	True	False
True	True	True	True	True	True	True	True	HUA83-2	HUA83-2	True	True	True	True	True
True	True	True	False	False	True	True	True	HUANGC	HUANGC	True	False	True	True	True
True	True	True	True	True	True	True	True	HYS	HYS	True	True	True	True	True
True	True	True	True	True	True	True	True	HZS	HZS	True	True	True	True	True
True	True	True	False	False	True	True	True	IRF291	IRF291	True	False	True	True	True
True	True	True	True	True	True	True	True	IRF314	IRF314	True	True	True	True	True
False	False	True	True	True	True	False	False	J4112	J4112	False	True	False	True	False
True	True	True	True	True	True	True	True	JH59	JH59	True	True	True	True	True
True	True	True	True	True	True	True	True	JH96C	JH96C	True	True	True	True	True
True	True	True	False	False	True	True	True	JI53	JI53	True	False	True	True	True
True	True	True	True	True	True	True	True	JI63	JI63	True	True	True	True	True
True	True	True	True	True	True	True	True	JI842	JI842	True	True	True	True	True
True	True	True	True	True	True	True	True	JI846	JI846	True	True	True	True	True
True	True	True	True	True	True	True	True	JI853	JI853	True	True	True	True	True
True	True	True	True	True	True	True	True	JIAO51	JIAO51	True	True	True	True	True
True	True	False	False	False	False	False	False	JING24	JING24	True	False	False	False	False
True	True	False	False	False	False	False	False	JING724	JING724	True	False	False	False	False
True	True	True	True	True	True	True	True	JY01	JY01	True	True	True	True	True
True	True	True	True	True	True	True	True	K10	K10	True	True	True	True	True
True	True	True	False	False	True	True	True	K12	K12	True	False	True	True	True
False	False	True	True	True	True	True	True	K14	K14	False	True	True	True	False
True	True	True	True	True	True	True	True	K22	K22	True	True	True	True	True
True	True	True	True	True	True	True	True	L3180	L3180	True	True	True	True	True
True	True	True	True	True	True	True	True	LG001	LG001	True	True	True	True	True
True	True	True	False	False	True	True	True	LIAO138	LIAO138	True	False	True	True	True
True	True	True	True	True	True	True	True	LIAO159	LIAO159	True	True	True	True	True
True	True	True	True	True	True	True	True	LIAO5114	LIAO5114	True	True	True	True	True
True	True	True	True	True	True	True	True	LIAO5262	LIAO5262	True	True	True	True	True
True	True	True	True	True	True	True	True	LIAO5263	LIAO5263	True	True	True	True	True
True	True	True	True	True	True	True	True	LK11	LK11	True	True	True	True	True
True	True	True	True	True	True	True	True	LV28	LV28	True	True	True	True	True
False	False	True	True	True	True	False	False	LX9801	LX9801	False	True	False	True	False
True	True	True	True	True	True	True	True	LXN	LXN	True	True	True	True	True
True	True	True	False	False	True	True	True	LY	LY	True	False	True	True	True
True	True	True	True	True	True	True	True	LY042	LY042	True	True	True	True	True
True	True	True	True	True	True	True	True	M153	M153	True	True	True	True	True
True	True	True	False	False	True	True	True	M165	M165	True	False	True	True	True
True	True	True	True	True	True	True	True	M97	M97	True	True	True	True	True
True	True	True	False	False	True	True	True	MN	MN	True	False	True	True	True
False	False	True	False	False	True	True	True	MO113	MO113	False	False	True	True	False
True	True	True	True	True	True	True	True	MO17	MO17	True	True	True	True	True
True	True	True	True	True	True	True	True	NAN21-3	NAN21-3	True	True	True	True	True
True	True	True	False	False	True	True	True	NMJT	NMJT	True	False	True	True	True
True	True	True	False	False	True	True	True	P138	P138	True	False	True	True	True
True	True	True	True	True	True	True	True	P178	P178	True	True	True	True	True
True	True	False	False	False	False	False	False	P6WC	P6WC	True	False	False	False	False
True	True	False	False	False	False	False	False	PH4VC	PH4VC	True	False	False	False	False
False	False	True	True	True	True	False	False	Q1261	Q1261	False	True	False	True	False
True	True	False	False	False	False	False	False	Q1261X	Q1261X	True	False	False	False	False
True	True	True	True	True	True	True	True	QI205	QI205	True	True	True	True	True
True	True	True	False	False	True	True	True	QI319	QI319	True	False	True	True	True
False	False	True	False	False	True	False	False	QTHHSBTS	QTHHSBTS	False	False	False	False	False
True	True	True	False	False	True	True	True	R08	R08	True	False	True	True	True
True	True	True	False	False	True	True	True	R15	R15	True	False	True	True	True
True	True	True	True	True	True	True	True	R15X1141	R15X1141	True	True	True	True	True
True	True	True	False	False	True	True	True	RY684	RY684	True	False	True	True	True
True	True	True	False	False	True	True	True	RY697	RY697	True	False	True	True	True
True	True	True	True	True	True	True	True	RY713	RY713	True	True	True	True	True
True	True	True	True	True	True	True	True	RY729	RY729	True	True	True	True	True
True	True	True	False	False	True	True	True	RY732	RY732	True	False	True	True	True
True	True	True	False	False	True	True	True	RY737	RY737	True	False	True	True	True
True	True	True	True	True	True	False	False	S22	S22	True	True	False	True	True
True	True	False	False	False	False	False	False	S22X	S22X	True	False	False	False	False
True	True	True	True	True	True	True	True	S37	S37	True	True	True	True	True
True	True	True	True	True	True	True	True	SC55	SC55	True	True	True	True	True
False	False	True	False	False	True	False	False	SHEN135	SHEN135	False	False	False	False	False
True	True	True	False	False	True	True	True	SHEN137	SHEN137	True	False	True	True	True
True	True	True	True	True	True	True	True	SHEN5003	SHEN5003	True	True	True	True	True
True	True	True	True	True	True	True	True	SI273	SI273	True	True	True	True	True
True	True	True	False	False	True	True	True	SI434	SI434	True	False	True	True	True
False	False	True	False	False	True	True	True	SI444	SI444	False	False	True	True	False
True	True	True	True	True	True	True	True	SI446	SI446	True	True	True	True	True
True	True	False	False	False	False	False	False	SK	SK	True	False	False	False	False
True	True	False	False	False	False	False	False	SW1611	SW1611	True	False	False	False	False
True	True	True	True	True	True	True	True	SW92E114	SW92E114	True	True	True	True	True
True	True	True	True	True	True	True	True	SY1032	SY1032	True	True	True	True	True
True	True	True	True	True	True	True	True	SY1035	SY1035	True	True	True	True	True
True	True	True	True	True	True	True	True	SY1039	SY1039	True	True	True	True	True
True	True	True	True	True	True	True	True	SY1052	SY1052	True	True	True	True	True
True	True	True	False	False	True	True	True	SY1077	SY1077	True	False	True	True	True
False	False	True	True	True	True	True	True	SY1128	SY1128	False	True	True	True	False
True	True	True	False	False	True	True	True	SY3073	SY3073	True	False	True	True	True
True	True	True	False	False	True	True	True	SY998	SY998	True	False	True	True	True
True	True	True	False	False	True	True	True	SY999	SY999	True	False	True	True	True
True	True	True	True	True	True	True	True	TIAN77	TIAN77	True	True	True	True	True
True	True	True	True	True	True	True	True	TIE7922	TIE7922	True	True	True	True	True
True	True	True	False	False	True	True	True	TT16	TT16	True	False	True	True	True
True	True	True	False	False	True	True	True	TX5	TX5	True	False	True	True	True
True	True	True	True	True	True	True	True	TY1	TY1	True	True	True	True	True
True	True	True	False	False	True	True	True	TY10	TY10	True	False	True	True	True
True	True	True	True	True	True	True	True	TY11	TY11	True	True	True	True	True
True	True	True	True	True	True	True	True	TY2	TY2	True	True	True	True	True
True	True	True	True	True	True	True	True	TY3	TY3	True	True	True	True	True
True	True	True	True	True	True	True	True	TY4	TY4	True	True	True	True	True
True	True	True	True	True	True	True	True	TY5	TY5	True	True	True	True	True
True	True	True	True	True	True	True	True	TY6	TY6	True	True	True	True	True
True	True	True	False	False	True	True	True	TY7	TY7	True	False	True	True	True
True	True	True	False	False	True	True	True	TY8	TY8	True	False	True	True	True
True	True	True	False	False	True	True	True	TY9	TY9	True	False	True	True	True
True	True	True	True	True	True	True	True	U8112	U8112	True	True	True	True	True
True	True	True	True	True	True	True	True	W138	W138	True	True	True	True	True
True	True	True	True	True	True	True	True	WH413	WH413	True	True	True	True	True
True	True	True	False	False	True	True	True	WMR	WMR	True	False	True	True	True
True	True	True	True	True	True	True	True	WU109	WU109	True	True	True	True	True
True	True	True	True	True	True	True	True	XI502	XI502	True	True	True	True	True
True	True	True	True	True	True	True	True	XUN971	XUN971	True	True	True	True	True
True	True	True	True	True	True	True	True	XZ698	XZ698	True	True	True	True	True
True	True	True	False	False	True	True	True	YAN414	YAN414	True	False	True	True	True
False	False	True	False	False	True	True	True	YE107	YE107	False	False	True	True	False
True	True	True	True	True	True	True	True	YE478	YE478	True	True	True	True	True
True	True	False	False	False	False	False	False	YE488	YE488	True	False	False	False	False
True	True	True	True	True	True	True	True	YE515	YE515	True	True	True	True	True
True	True	True	True	True	True	True	True	YE52106	YE52106	True	True	True	True	True
True	True	True	True	True	True	True	True	YE8001	YE8001	True	True	True	True	True
True	True	True	True	True	True	True	True	YU374	YU374	True	True	True	True	True
True	True	True	False	False	True	True	True	YU87-1	YU87-1	True	False	True	True	True
False	False	True	False	False	True	False	False	YUN46	YUN46	False	False	False	False	False
True	True	True	True	True	True	True	True	Z2018F	Z2018F	True	True	True	True	True
True	True	True	True	True	True	True	True	ZAC546	ZAC546	True	True	True	True	True
True	True	True	True	True	True	True	True	ZB648	ZB648	True	True	True	True	True
True	True	True	True	True	True	True	True	ZH68	ZH68	True	True	True	True	True
True	True	True	False	False	True	True	True	ZHENG22	ZHENG22	True	False	True	True	True
True	True	True	True	True	True	True	True	ZHENG28	ZHENG28	True	True	True	True	True
True	True	True	True	True	True	True	True	ZHENG29	ZHENG29	True	True	True	True	True
True	True	True	True	True	True	True	True	ZHENG30	ZHENG30	True	True	True	True	True
True	True	True	True	True	True	True	True	ZHENG32	ZHENG32	True	True	True	True	True
True	True	True	True	True	True	True	True	ZHENG35	ZHENG35	True	True	True	True	True
True	True	True	False	False	True	True	True	ZHENG58	ZHENG58	True	False	True	True	True
True	True	True	True	True	True	True	True	ZHENG653	ZHENG653	True	True	True	True	True
True	True	True	True	True	True	True	True	ZHI41	ZHI41	True	True	True	True	True
True	True	True	True	True	True	True	True	ZHONG69	ZHONG69	True	True	True	True	True
True	True	True	False	False	True	True	True	ZI330	ZI330	True	False	True	True	True
True	True	True	False	False	True	True	True	ZONG3	ZONG3	True	False	True	True	True
True	True	True	True	True	True	True	True	ZONG31	ZONG31	True	True	True	True	True
True	True	True	True	True	True	True	True	ZZ01	ZZ01	True	True	True	True	True
True	True	True	True	True	True	True	True	ZZ03	ZZ03	True	True	True	True	True
