trait	seeds_evaluated	mean_pearson	median_pearson	sd_pearson	min_pearson	mean_r2	median_r2	sd_r2	min_r2	positive_r2_seeds	pearson_gt_0_3_seeds	trait_family	priority_tier	robust_selected	ridge_median_pearson	elasticnet_median_pearson	mlp_median_pearson	ridge_median_r2	elasticnet_median_r2	mlp_median_r2	best_model_by_pearson	methylation_pca_median_pearson_gain	methylation_pca_median_r2_gain	methylation_pca_better_pearson_seeds	methylation_pca_better_r2_seeds	median_pearson_gain_sparse_vs_base	median_r2_gain_sparse_vs_base	median_pearson_gain_sparse_vs_pca	median_r2_gain_sparse_vs_pca	main_model	methylation_role
agri_aa_oil__Oil_OIL	5	0.9080653380945763	0.9242944365654668	0.0289972151276611	0.8693603249874591	0.8106132563993436	0.8238067221968607	0.0435450365815314	0.7535148776273317	5	5	oil	high	True	0.9242944365654668	0.9287331593624284	0.8388600815690702	0.8238067221968607	0.8327045986700056	0.6596692749534654	elasticnet	0.0210263031070695	0.0242568757221176	5	5					genotype_population_ridge	auxiliary_pca_ablation
agri_aa_oil__Oil_C18_1	5	0.8720510947035016	0.8775895720930627	0.0395448984066729	0.8333149147535932	0.7559249007332506	0.767657474105121	0.066273504454544	0.6924269075692413	5	5	oil	high	True	0.8775895720930627	0.8846980475899269	0.7336480014857085	0.767657474105121	0.743424838370787	0.4463808431273772	elasticnet	0.0162084350179005	0.0662497047852106	4	4					genotype_population_ridge	auxiliary_pca_ablation
agri_aa_oil__Oil_C18_2	5	0.8629390636410367	0.8691610138407025	0.0292606310047315	0.8203111322935153	0.7324331784808759	0.7375859294320112	0.0456783930674908	0.6673309531752691	5	5	oil	high	True	0.8691610138407025	0.895068966699849	0.800042876771852	0.7375859294320112	0.7909132267116364	0.578250648754058	elasticnet	0.0162921237191108	0.0357439373447684	5	5					genotype_population_ridge	auxiliary_pca_ablation
agri_aa_oil__Oil_C20_1	5	0.8093953870693003	0.8375809658137263	0.0791716593714404	0.7094588384609176	0.6461448458283751	0.7007746753613087	0.1382313988076191	0.4581101125702642	5	5	oil	high	True	0.8375809658137263	0.843226983242453	0.6987174543739263	0.7007746753613087	0.682800168913517	0.2944783896069008	elasticnet	0.010821346052823	0.0253941903118262	3	4					genotype_population_ridge	auxiliary_pca_ablation
agri_aa_oil__Oil_C20_0	5	0.8351322496030736	0.8266034671677925	0.0337351230483088	0.7961091981635192	0.6877172102813367	0.6792078554132279	0.0586400939257899	0.6301005538729303	5	5	oil	high	True	0.8266034671677925	0.8451551294128427	0.7416798841045489	0.6792078554132279	0.6764261716665695	0.4667062004965105	elasticnet	0.026256310626857	0.0563815556230785	4	4					genotype_population_ridge	auxiliary_pca_ablation
agri_aa_oil__Oil_C18_0	5	0.8285669630825012	0.8136822807287903	0.0218450325864458	0.811749129719132	0.6637073580294282	0.6611149613844627	0.0599295837096632	0.5778280474458275	5	5	oil	high	True	0.8136822807287903	0.8365064334937891	0.749473876354471	0.6611149613844627	0.6332986442837776	0.4948411752525553	elasticnet	0.0590518601960255	0.0611064242621127	5	5	-0.081139410183974	-0.0731646623783278	-0.1480433547229439	-0.1315910687171435	genotype_population_ridge	auxiliary_pca_only_sparse_rejected
agri_aa_oil__Oil_C16_0	5	0.7970414125747626	0.781459395929218	0.0594322377856081	0.7294866159904454	0.6238536798678078	0.5875622626202779	0.092610542448186	0.5181615092484967	5	5	oil	high	True	0.781459395929218	0.8113266812558347	0.7464680101966342	0.5875622626202779	0.6084207280222245	0.4653700545582832	elasticnet	0.0137435827905681	0.0370516971313756	3	4					genotype_population_ridge	auxiliary_pca_ablation
agri_aa_oil__Oil_C200_C220	5	0.7373299439478365	0.743426611160785	0.06461908742174	0.6507377217931687	0.5381387357363715	0.5284105553353284	0.0998577782695494	0.4097499238781057	5	5	oil	high	True	0.743426611160785	0.6988899227695166	0.6148494645793078	0.5284105553353284	0.457548750216627	0.1963483868799717	ridge	0.0458720223982905	0.0516287496190306	5	4	-0.0177673807301923	-0.0157027370745458	-0.1219228042604886	-0.0863475858657837	genotype_population_ridge	auxiliary_pca_only_sparse_rejected
agri_aa_oil__kernellength	5	0.7103379672011021	0.7383214163339435	0.0689037872831691	0.5890299843407728	0.4743296985716861	0.5095653748784621	0.0755769959568377	0.33934438734996	5	5	agronomic	high	True	0.7383214163339435	0.7243591030144412	0.5397031401488563	0.5095653748784621	0.489576521756121	0.136977491395679	ridge	0.0088269034615032	0.0512605884072673	3	3					genotype_population_ridge	auxiliary_pca_ablation
agri_aa_oil__Oil_C182_C183	5	0.694477169473687	0.7366202720722702	0.0755517493532331	0.5834462276109845	0.4671444635143705	0.5205242096812182	0.0997679347382829	0.3148542960874432	5	5	oil	high	True	0.7366202720722702	0.6932819774537117	0.6050161826414848	0.5205242096812182	0.4093889593998773	0.2277741337464021	ridge	0.0176242723526577	0.0126601001429886	4	3					genotype_population_ridge	auxiliary_pca_ablation
agri_aa_oil__Oil_C18_3P	5	0.6742779957521045	0.6728687254986027	0.0573541004032733	0.5925027892583191	0.4477997455345044	0.4427331073688159	0.0754826610214068	0.3499932196123476	5	5	oil	medium	True	0.6728687254986027	0.6453903773632637	0.5528093609187913	0.4427331073688159	0.3645613070236447	0.2071873084657982	ridge	-0.0314620689092888	-0.113625227881227	2	2					genotype_population_ridge	auxiliary_pca_ablation
agri_aa_oil__Oil_C16_1	5	0.6595664001604645	0.671395961236129	0.0879307522639944	0.564065923608014	0.4185215321403734	0.4275971820599967	0.1206626460863011	0.2747049955934595	5	5	oil	high	True	0.671395961236129	0.71729194027029	0.5359194139214496	0.4275971820599967	0.5044632271349272	-0.0313285256365829	elasticnet	0.0445558894764583	0.0596583295615223	4	4	-0.094140494941678	-0.1575048509696621	-0.1081308367224185	-0.1710995631283848	genotype_population_ridge	auxiliary_pca_only_sparse_rejected
agri_aa_oil__Headingdate	5	0.6351847427905472	0.6275698583611159	0.0557203818278515	0.558215808865968	0.3735107360625044	0.3857990481087417	0.0596336824365034	0.3066103022711025	5	5	agronomic	medium	True	0.6275698583611159	0.5760389710042444	0.4143102686957224	0.3857990481087417	0.3161696924705636	-0.1338266813967836	ridge	0.0037010661907924	0.0287914084028662	3	4					genotype_population_ridge	auxiliary_pca_ablation
agri_aa_oil__Oil_C22_0	5	0.5763978819888633	0.6197222379797356	0.074374884361224	0.4536995232792816	0.3117738909224658	0.365108964911315	0.1004234847417974	0.1429665329880474	5	5	oil	medium	True	0.6197222379797356	0.5387917551219726	0.4449752982045558	0.365108964911315	0.2338934171760219	0.0276535237122271	ridge	-0.015481212592588	-0.0203969637283287	1	2					genotype_population_ridge	auxiliary_pca_ablation
agri_aa_oil__Oil_C24_0P	5	0.6150866121215464	0.6051714604020275	0.0476141629254313	0.5694591023521065	0.3570329419897852	0.3214185024151376	0.0713533809498318	0.3000598820837024	5	5	oil	medium	True	0.6051714604020275	0.593228245529729	0.4327005492314659	0.3214185024151376	0.3369996563409236	-0.1375770894076899	ridge	0.0169031220566531	-0.0273109319255155	3	1					genotype_population_ridge	auxiliary_pca_ablation
agri_aa_oil__Pollenshed	5	0.6246924720890377	0.603720172320673	0.0477583004781609	0.5836256692684897	0.371428992381811	0.3443519378054537	0.0562005810793867	0.3195623790551545	5	5	agronomic	medium	True	0.603720172320673	0.6162781592413996	0.4379483710654032	0.3443519378054537	0.3780772582060936	-0.1904010668835749	elasticnet	0.0242521457073909	0.0416100464967714	3	4					genotype_population_ridge	auxiliary_pca_ablation
agri_aa_oil__Oil_C18_1P	5	0.5995733838650088	0.5970206808226389	0.0705812801929769	0.4932359107137488	0.3208489404043178	0.3493391982874297	0.0916658674269851	0.1684645536425767	5	5	oil	medium	True	0.5970206808226389	0.5756202414558963	0.4388984074203418	0.3493391982874297	0.3266936184890459	-0.0165611162303631	ridge	0.014675335329057	0.0526206639889321	3	4					genotype_population_ridge	auxiliary_pca_ablation
agri_aa_oil__Oil_C18_2P	5	0.552952184677221	0.5958478945236727	0.0659655505943907	0.4746459913521034	0.2465557688933105	0.3056984998797765	0.0950348669337002	0.1356727986149749	5	5	oil	medium	True	0.5958478945236727	0.4635088851219232	0.4677482951364884	0.3056984998797765	0.2108013794671518	-0.2557355247577939	ridge	0.0055660442983186	0.0366674162924565	3	4					genotype_population_ridge	auxiliary_pca_ablation
agri_aa_oil__Oil_C16_0P	5	0.5799228209562054	0.5938907767121958	0.0616180799150611	0.4765140010399064	0.2886205681994039	0.3216824604394191	0.0812604597405714	0.1749146583786791	5	5	oil	medium	True	0.5938907767121958	0.4995109787174108	0.4774753990967434	0.3216824604394191	0.1845195925343995	0.0573735600431095	ridge	-0.0096059617673059	0.0215599536349058	2	4					genotype_population_ridge	auxiliary_pca_ablation
agri_aa_oil__Silkingtime	5	0.5757595801725331	0.5918266911138927	0.0514546729086412	0.5231865092340535	0.3170950763263457	0.3415642906026233	0.0608331450406486	0.2435665425746128	5	5	agronomic	medium	True	0.5918266911138927	0.5116459612271158	0.4023042462725699	0.3415642906026233	0.2353014455362285	-0.2468513676053625	ridge	0.0039109588645916	0.061928100343412	3	5					genotype_population_ridge	auxiliary_pca_ablation
agri_aa_oil__Oil_SFA_USFA	5	0.5303888700322568	0.5704880936826382	0.0967639164742699	0.3653544020904301	0.2420351567772729	0.3015223638387541	0.112791874182369	0.0894672855215564	5	5	oil	medium	True	0.5704880936826382	0.5106094393417463	0.4475973499677985	0.3015223638387541	0.188876511123618	0.0243082913001897	ridge	0.002135231206658	0.0603564640073859	3	4					genotype_population_ridge	auxiliary_pca_ablation
agri_aa_oil__Oil_C160_C180	5	0.572427651053203	0.5602018912790008	0.0630560157381653	0.5030775095401768	0.2819274918043966	0.2995522818594949	0.0592131616185816	0.2119315101232597	5	5	oil	medium	True	0.5602018912790008	0.4911702294286009	0.4379505075530663	0.2995522818594949	0.2115310662295386	-0.1260170479078151	ridge	0.0069132065144923	0.0497288235733445	3	3					genotype_population_ridge	auxiliary_pca_ablation
agri_aa_oil__Oil_C181_C182	5	0.5454237952927763	0.5521077829131046	0.083059765816174	0.4505972445088994	0.2671670953193543	0.2882918258181605	0.0960636281336698	0.1472064191130656	5	5	oil	medium	True	0.5521077829131046	0.5232208287512204	0.4455833949652079	0.2882918258181605	0.2724339325500897	-0.0675629995548448	ridge	0.0051010243214212	0.0759793231073424	3	4					genotype_population_ridge	auxiliary_pca_ablation
agri_aa_oil__Leafnumberaboveear	5	0.539525273434631	0.551313803517062	0.0645823084213889	0.4353808041734674	0.2499919787380185	0.2642036641008629	0.0723588761636979	0.1418746538257814	5	5	agronomic	medium	True	0.551313803517062	0.5646894052386671	0.2560028050351483	0.2642036641008629	0.2247973276873879	-0.4108176263957672	elasticnet	0.0191405715994826	0.0509938236149505	4	3					genotype_population_ridge	auxiliary_pca_ablation
agri_aa_oil__Earleaflength	5	0.5417607991430533	0.5375094562273967	0.0654795174026915	0.4839555839159121	0.2690823548577792	0.2792924915240338	0.0612630383821714	0.1868952868962919	5	5	agronomic	watch	True	0.5375094562273967	0.4946253154135798	0.4281772203723433	0.2792924915240338	0.2409240224128294	-0.1910712475489444	ridge	0.0313784036986757	0.0657031067033259	4	5					genotype_population_ridge	auxiliary_pca_ablation
agri_aa_oil__Oil_C18_3	5	0.5376935323531662	0.5374877613608067	0.0848045719008742	0.4263177714838528	0.218845465073597	0.2023857785566981	0.0668158437482237	0.1478586422611035	5	5	oil	medium	True	0.5374877613608067	0.5504725040607781	0.4516845358635702	0.2023857785566981	0.2284537216673001	0.0769066288072574	elasticnet	-0.0102254486895003	0.0359530460045099	2	4					genotype_population_ridge	auxiliary_pca_ablation
agri_aa_oil__Oil_C22_0P	5	0.5444516944541291	0.5361997216499134	0.0505007190327085	0.4792753535935836	0.2704845667080611	0.2822605706356758	0.0553146518762237	0.1885287559250662	5	5	oil	medium	True	0.5361997216499134	0.4751818585012836	0.4193165478552141	0.2822605706356758	0.174221748436225	-0.0276400926335635	ridge	0.0145357874679464	0.0156999582361173	3	4					genotype_population_ridge	auxiliary_pca_ablation
agri_aa_oil__Plantheight	5	0.5227165892231704	0.5311952742448678	0.0323957140686248	0.4809312713367279	0.2333016883858326	0.2413405884897337	0.0480128793269725	0.1819935348319428	5	5	agronomic	watch	True	0.5311952742448678	0.5663265913275007	0.3745257058326173	0.2413405884897337	0.3173289826120065	-0.1440133391126163	elasticnet	0.0498544364332831	0.0462226189009259	4	4	-0.0378968184908656	-0.0200842415587161	-0.1099802262862868	-0.1095147001236214	genotype_population_ridge	auxiliary_pca_only_sparse_rejected
agri_aa_oil__AA_Arg	5	0.53037094433194	0.5240259830073635	0.0708737468034841	0.4244913741488484	0.2672061386113079	0.2721532248171675	0.0587523259045998	0.1756851833768864	5	5	amino_acid	medium	True	0.5240259830073635	0.5776548216997521	0.3620579354241205	0.2721532248171675	0.283911143742482	-0.0629078563112444	elasticnet	0.0084616189521617	0.0022710173149148	3	4					genotype_population_ridge	auxiliary_pca_ablation
metabolite__Uracil_E1	5	0.5254838835069892	0.5151195495820173	0.1454877917388313	0.3558036941704518	0.2346903637220877	0.2133237636384609	0.1255028821726387	0.0996830481714869	5	5	metabolite	watch	True	0.5151195495820173	0.4995855651905176	0.3750077144750939	0.2133237636384609	0.1955997405525633	-0.2041486636851117	ridge	-0.0087156598861122	0.0067220012485211	2	3					genotype_population_ridge	auxiliary_pca_ablation
agri_aa_oil__Oil_C20_0P	5	0.5057941015981315	0.5144158246407324	0.0859045116157578	0.409166958754369	0.2045743692202818	0.2266423647785463	0.0868449665078384	0.0974195882828129	5	5	oil	medium	True	0.5144158246407324	0.5096476859980572	0.4824974712726875	0.2266423647785463	0.2302090279437553	-0.0647048612287697	ridge	-0.0339775112784206	-0.0275429034082478	1	1					genotype_population_ridge	auxiliary_pca_ablation
metabolite__5_Hydroxyindoleacetic_acid_E1	5	0.5166133496094398	0.5072016830804774	0.1160562990777472	0.368498583254029	0.2300737836549772	0.2245359237315148	0.0871036978331182	0.1095108083792865	5	5	metabolite	medium	True	0.5072016830804774	0.4740100900277747	0.229810398959436	0.2245359237315148	0.1682588445814917	-0.4325982495437634	ridge	-0.1621920110824525	-0.0377379441256791	2	0					genotype_population_ridge	auxiliary_pca_ablation
agri_aa_oil__Earleafwidth	5	0.4665867563888074	0.4983927108558386	0.080491672110621	0.3402887259648862	0.1867561785100496	0.1709328121250789	0.0703845546632774	0.1011235149034185	5	5	agronomic	watch	True	0.4983927108558386	0.4574894605945944	0.3749543164389477	0.1709328121250789	0.1426372866045299	-0.1757370848509771	ridge	-0.0604988256078105	-0.0182960394768819	2	2					genotype_population_ridge	auxiliary_pca_ablation
agri_aa_oil__Oil_C16_1P	5	0.4624208838679558	0.497916466625783	0.1522540073822035	0.230113813237459	0.1701861415637279	0.2333710661615756	0.1855456923472548	-0.106965849481049	4	4	oil	medium	True	0.497916466625783	0.4605994226585027	0.3589320386195286	0.2333710661615756	0.1745220123597083	-0.1140438748525132	ridge	-0.0284762088707389	0.0134046791482053	1	3					genotype_population_ridge	auxiliary_pca_ablation
agri_aa_oil__Eardiameter	5	0.4379389505737123	0.4741815104704953	0.074269308045235	0.3099428071957373	0.165790783339829	0.1730525647336623	0.0584243701186195	0.0942889480850851	5	5	agronomic	watch	True	0.4741815104704953	0.4563094974571306	0.3729175287336393	0.1730525647336623	0.1506753633518479	-0.1653341488122894	ridge	-0.0203789572122329	0.005550028996292	1	3					genotype_population_ridge	auxiliary_pca_ablation
agri_aa_oil__Oil_C24_0	5	0.4829240172523689	0.471597891085879	0.0865432754161565	0.3546173094791893	0.1910601579508995	0.1618625719510747	0.0839140227381058	0.1073624980308944	5	5	oil	watch	True	0.471597891085879	0.4831735357281077	0.3006921198757495	0.1618625719510747	0.1789831397940819	-0.3853255392085206	elasticnet	-0.0166706095049035	-0.0245474660181147	1	1					genotype_population_ridge	auxiliary_pca_ablation
agri_aa_oil__Oil_C220_C240	5	0.4659625224961066	0.4606590169544057	0.0229648919443678	0.4387099436867133	0.1718262038007862	0.1648216014435953	0.0434835056973676	0.1094818121943506	5	5	oil	watch	True	0.4606590169544057	0.4529467799940012	0.3835628104506872	0.1648216014435953	0.1118447450926469	0.1283224039551742	ridge	0.018302280519675	-0.0435711207676797	4	2					genotype_population_ridge	auxiliary_pca_ablation
agri_aa_oil__Earheight	5	0.4469765273826346	0.4559794294634032	0.0657009540093548	0.3461618372067808	0.1809426420167193	0.1897539867674292	0.0534132464920099	0.0984284886564836	5	5	agronomic	watch	True	0.4559794294634032	0.5125366315863161	0.3172235085231179	0.1897539867674292	0.2397222712090227	-0.2356931804875024	elasticnet	0.0279827284960282	0.0096115229276492	3	3					genotype_population_ridge	auxiliary_pca_ablation
metabolite__L_Arginine_E1	5	0.4552022106395488	0.4466202784675585	0.0468418881939493	0.4054101964783336	0.138166868452846	0.128091109545116	0.0333259451391173	0.1030119392747432	5	5	metabolite	watch	True	0.4466202784675585	0.4058732571409477	0.1754228347875389	0.128091109545116	0.1404908597996276	-1.314455949765457	ridge	-0.0060758364793626	0.0020357523022275	2	3					genotype_population_ridge	auxiliary_pca_ablation
agri_aa_oil__Kernernumberperrow	5	0.389013034476143	0.4337233000905695	0.0962902464762571	0.2407667437525335	0.1406173031533395	0.1718978935176681	0.0672967861330067	0.037966772166425	5	4	agronomic	watch	True	0.4337233000905695	0.4714925340813225	0.2603366365153145	0.1718978935176681	0.1204306457270123	-0.4836368002343272	elasticnet	0.0898016702357494	0.0588087276040599	4	4	0.0304650042059104	-0.0368530976869498	-0.0501247157860945	-0.0878843066230523	genotype_population_ridge	auxiliary_pca_only_sparse_rejected
metabolite__Indole_3_carboxyaldehyde_E1	5	0.4198969043790402	0.4318374254694727	0.0447644477088453	0.3607590618386259	0.070333259967418	0.0505593884592382	0.0438714567176159	0.0223425075043198	5	5	metabolite	watch	True	0.4318374254694727	-0.1437753767297729	0.2129117120456498	0.0505593884592382	-0.0269773298852722	-0.4901983775936205	ridge	-0.1269892831202525	-0.0229056159233937	0	1					genotype_population_ridge	auxiliary_pca_ablation
agri_aa_oil__Oil_C180_C200	5	0.4560308814179312	0.4284239068607961	0.1052125902919542	0.3450488636274816	0.198256989456783	0.1819327491203283	0.0874504187319173	0.0973742199514521	5	5	oil	watch	True	0.4284239068607961	0.4265262240125398	0.3579229232667962	0.1819327491203283	0.1505426173599819	-0.184553368790016	ridge	0.0422923452352699	0.0227744567287684	5	4	0.0731921509698687	0.0306916639708657	-0.0297277543993558	-0.0624196729393418	genotype_population_ridge	auxiliary_pca_only_sparse_rejected
agri_aa_oil__100grainweight	5	0.4241293510009942	0.4182353262169168	0.0566875799179873	0.3571958584639493	0.1337166218952973	0.1273585027142608	0.0624820440836026	0.0572714758641168	5	5	agronomic	watch	True	0.4182353262169168	0.3564581557634024	0.3133338520488181	0.1273585027142608	0.0570793801678399	-0.1481582876314635	ridge	0.0545697978871691	0.0465217275034058	5	4	-0.0987756280323722	-0.0902121576291519	-0.1614755452947903	-0.1554978872935283	genotype_population_ridge	auxiliary_pca_only_sparse_rejected
agri_aa_oil__Oil_C200_C201	5	0.3980603199150886	0.4101701721048827	0.0950976306704639	0.2669718077102873	0.1386357965037893	0.1106743278816644	0.0820856917061405	0.0584991416573568	5	4	oil	watch	True	0.4101701721048827	0.3920346561044606	0.3275472788621217	0.1106743278816644	0.1401999217257624	-0.3417830493059053	ridge	0.017833542590781	0.0176754126956522	3	3					genotype_population_ridge	auxiliary_pca_ablation
agri_aa_oil__cobweight	5	0.4208838689941498	0.4064602158892286	0.0256653842411181	0.3955415290738609	0.1528058688012388	0.1624561991357006	0.0359923545837949	0.092581384077132	5	5	agronomic	watch	True	0.4064602158892286	0.4053778455409748	0.1847588861135806	0.1624561991357006	0.1255860097269792	-0.4667994199408118	ridge	-0.0440443603724501	-0.0461715290542851	1	1					genotype_population_ridge	auxiliary_pca_ablation
metabolite__Glutathione_E1	5	0.4039856395778088	0.4009045746983468	0.0655096494377045	0.3194779134028077	0.1171578086397494	0.1300124196249386	0.0455421605397172	0.0378568895685708	5	5	metabolite	watch	True	0.4009045746983468	0.4047080372701442	0.1897113518071629	0.1300124196249386	0.1368020323713675	-0.8964751608478483	elasticnet	-0.0241617202310945	-0.0197060769493093	2	2					genotype_population_ridge	auxiliary_pca_ablation
agri_aa_oil__Oil_C20_1P	5	0.4192529355512919	0.4000319386301025	0.0566162941704617	0.3721258841929441	0.1689892265933601	0.1509291190719037	0.0485603874095028	0.1379256197992102	5	5	oil	watch	True	0.4000319386301025	0.3661419601711215	0.3502130822476713	0.1509291190719037	0.1076130933240111	-0.175176396431212	ridge	0.0694617710324479	0.0291670180211749	3	4	-0.0257513105152948	-0.0213171302276945	-0.0057213879117317	-0.0432283886933956	genotype_population_ridge	auxiliary_pca_only_sparse_rejected
agri_aa_oil__Oil_C18_0P	5	0.3852653596208564	0.3970967349253648	0.0381755192742823	0.3256084309469389	0.1165896008918392	0.1111842806316346	0.03027134718748	0.0918737172781546	5	5	oil	watch	True	0.3970967349253648	0.3205172088551445	0.3149401239176427	0.1111842806316346	0.0646261210087234	-0.3543645451072053	ridge	-0.0365818735980077	-0.0160101639980665	1	2					genotype_population_ridge	auxiliary_pca_ablation
metabolite__Pro_Leu_E1	5	0.4364972243259052	0.3966186898123321	0.1276598968159816	0.3318441479530425	0.1666346162592196	0.1376645934717397	0.1143913127612243	0.0663342871081317	5	5	metabolite	watch	True	0.3966186898123321	0.313999607535192	0.1642414576933057	0.1376645934717397	0.0941883377542713	-0.8903288606301698	ridge	0.0533270531819153	0.0734298204020519	3	3	0.0008440298713425	-0.0446085255541719	0.0026112276586273	-0.0863892528109682	genotype_population_ridge	auxiliary_pca_ablation
agri_aa_oil__Earlength	5	0.4394966166974376	0.3915719979633633	0.1279882228612084	0.3033287963164591	0.1629382494480548	0.1492285527542662	0.0900021247929038	0.0457315613020027	5	5	agronomic	medium	True	0.3915719979633633	0.4006163891174929	0.2121242500814256	0.1492285527542662	0.0678789500114339	-0.2552961069505819	elasticnet	0.0181420120209379	0.0365235319523928	3	3					genotype_population_ridge	auxiliary_pca_ablation
metabolite__Feruloylserotonin_E1	5	0.3446561894865634	0.3905506926896541	0.1294117002835922	0.1223901833109045	0.1067570977723778	0.1091426088113238	0.0836711641967159	-0.0175239196531684	4	4	metabolite	watch	True	0.3905506926896541	0.278257794496268	0.107228207667244	0.1091426088113238	0.0182088360378351	-0.3619124915660983	ridge	0.0014328284212377	-0.0760608545068547	3	1					genotype_population_ridge	auxiliary_pca_ablation
metabolite__Trigonelline_E1	5	0.4658173051623472	0.3901766026012515	0.158829199209857	0.3134391824421963	0.1711850130933426	0.0979379636053801	0.1321927716070577	0.0589376130692144	5	5	metabolite	medium	True	0.3901766026012515	0.3604968583958695	0.2952051342220657	0.0979379636053801	0.0751296654010106	-0.2453327060095524	ridge	-0.0059002339597434	-0.0254682037940953	2	1					genotype_population_ridge	auxiliary_pca_ablation
metabolite__IAA_E1	5	0.3959170683281294	0.3886917453063844	0.0310907830949599	0.3613278439508793	0.0497721294536924	0.0567468836435891	0.0568428875180853	-0.035005235310036	4	5	metabolite	watch	True	0.3886917453063844	0.1981829749940569	0.1134072271120352	0.0567468836435891	-0.006459389562321	-0.738733656802318	ridge	-0.1835697905768507	-0.0574190206435578	0	0					genotype_population_ridge	auxiliary_pca_ablation
agri_aa_oil__AA_Asp	5	0.3785959723691062	0.3794181102544097	0.0506312490682914	0.3212672388149554	0.137989488853289	0.1405594629759922	0.0381002951191227	0.092803310959859	5	5	amino_acid	watch	True	0.3794181102544097	0.3592084515607431	0.2389536933385241	0.1405594629759922	0.1050350028353711	-0.3734709777627227	ridge	-0.0613190719947878	-0.0617515500116665	2	2					genotype_population_ridge	auxiliary_pca_ablation
metabolite__Malvidin_3_O_hexoside_E2	5	0.3458220176928249	0.3783299831778751	0.2121126294331409	-0.0177498771004765	0.1075624301043699	0.1410750810321211	0.175519018391971	-0.1956684173112783	4	4	metabolite	watch	True	0.3783299831778751	0.1860261894591889	0.2678128320896286	0.1410750810321211	0.0014275620712563	-0.576550223277932	ridge	0.0062976422403686	0.0082317808138996	3	3					genotype_population_ridge	auxiliary_pca_ablation
metabolite__Gluconolactone_E2	5	0.4439859976930448	0.3760098845593478	0.1586557633420117	0.2846713173102314	0.1125041465787578	0.1082925878026972	0.0270699761504703	0.0766141354159493	5	4	metabolite	watch	True	0.3760098845593478	0.5065238144140706	0.2249386378225538	0.1082925878026972	0.1826685782271974	-0.4186930740112704	elasticnet	0.0150053107189443	-0.0272163169942661	4	2					genotype_population_ridge	auxiliary_pca_ablation
agri_aa_oil__AA_Thr	5	0.3541013957270384	0.3688029292126505	0.1122940940854844	0.173933206047253	0.1151002347014577	0.1216270466556526	0.0741120158597752	0.01247868398386	5	4	amino_acid	watch	True	0.3688029292126505	0.3708325417095947	0.1723035059539406	0.1216270466556526	0.0903901862919974	-0.3142534397180481	elasticnet	-0.005738662843163	-0.0396154079552488	2	2					genotype_population_ridge	auxiliary_pca_ablation
agri_aa_oil__AA_Phe	5	0.394194199435726	0.366014009763623	0.1035403431935802	0.2991730115293046	0.1388117534375128	0.1290894114154891	0.0720400351072349	0.0730319662081578	5	4	amino_acid	watch	True	0.366014009763623	0.294802136946437	0.2802763316078218	0.1290894114154891	0.0732474111334039	-0.1877461025935722	ridge	-0.018620964140481	0.2095352585891172	2	3					genotype_population_ridge	auxiliary_pca_ablation
agri_aa_oil__AA_His	5	0.3740912287382726	0.365188379546419	0.0673594638278637	0.2861522545562334	0.1333869128438845	0.1321759665532821	0.0402165075045185	0.0813504291008672	5	4	amino_acid	watch	True	0.365188379546419	0.377094168888314	0.1839028347259335	0.1321759665532821	0.0964606079832218	-0.4314059938603602	elasticnet	0.0358660864461201	0.0398333923877005	4	4					genotype_population_ridge	auxiliary_pca_ablation
metabolite__Feruloyltryptamine_E1	5	0.3773133190254315	0.3554637729335925	0.128285531679473	0.1959761932239369	0.1189641001295372	0.1220161562499161	0.1013206505368256	-0.0110547697261917	4	4	metabolite	medium	True	0.3554637729335925	0.3503169585403143	0.2296217498184024	0.1220161562499161	0.0624339594316774	-0.6675748174749296	ridge	0.0465172655052141	-0.0031139413304981	3	2					genotype_population_ridge	auxiliary_pca_ablation
metabolite__N_Coumaroyltryptamine_E1	5	0.366575307172482	0.3550679288753028	0.1439659113536494	0.141855368228317	0.1136542261114945	0.1245342358625866	0.0878325410821415	-0.0337637720979786	4	4	metabolite	watch	True	0.3550679288753028	0.3568331718700138	0.1981751439695342	0.1245342358625866	0.106483075644722	-0.5146855121520899	elasticnet	0.0347530498646404	0.0171456502493442	3	3					genotype_population_ridge	auxiliary_pca_ablation
agri_aa_oil__AA_Pro	5	0.3676197993231944	0.3535366181546429	0.0752858632832844	0.279866254702972	0.125695141862372	0.1214794254695835	0.0482074589088784	0.0628618881287929	5	4	amino_acid	watch	True	0.3535366181546429	0.2705772709695926	0.159568242089582	0.1214794254695835	0.0577392575956564	-0.3633163679410647	ridge	0.0088623474095568	-0.0814750369333414	3	1					genotype_population_ridge	auxiliary_pca_ablation
metabolite__Norcinnamolaurine_E1	5	0.3576078859810218	0.3533960199368975	0.1260667629591198	0.177266410259178	0.0910843250046725	0.099729270930616	0.0550367290796746	0.0058511865841163	5	4	metabolite	watch	True	0.3533960199368975	0.3436601990911645	0.2551810190102196	0.099729270930616	0.0959477413475168	-0.7410580828766391	ridge	0.0688435920935161	0.0319349331918049	5	4	-0.1190031313481522	-0.2135999859663786	-0.176049050285004	-0.2473394161160995	genotype_population_ridge	auxiliary_pca_only_sparse_rejected
agri_aa_oil__Kernelthickness	5	0.3839694671951907	0.3321817549056429	0.1184276143216993	0.2644523987607776	0.1385533588649365	0.1057808275948734	0.0852835731898612	0.0569661189075016	5	4	agronomic	watch	True	0.3321817549056429	0.4266593846671843	0.3577707828041019	0.1057808275948734	0.101719547391788	-0.2633392681721189	elasticnet	0.0285906851192432	0.0850706119724267	4	5					genotype_population_ridge	auxiliary_pca_ablation
metabolite__Norcinnamolaurine_E2	5	0.3222376235045328	0.3267022960395367	0.097944198500066	0.1663024166308199	0.0642038547965699	0.0599400145497635	0.0510599857684728	0.0057868497975559	5	4	metabolite	watch	True	0.3267022960395367	0.1969752939962112	0.0980683764436099	0.0599400145497635	0.0297725700368834	-0.8077414894776198	ridge	-0.0531309696807088	-0.0216143480727741	1	2					genotype_population_ridge	auxiliary_pca_ablation
metabolite__L_Glutamic_acid_E1	5	0.2667225464496787	0.3237782443962463	0.1709763935956307	-0.0349638461680671	0.0430583466377578	0.058502731555287	0.0411827831796583	-0.024108179531612	4	4	metabolite	watch	True	0.3237782443962463	0.3050599164814878	0.1520128162727566	0.058502731555287	-0.0077048797159904	-0.9109634658941146	ridge	0.0747776556703615	-0.0232481896674958	3	1					genotype_population_ridge	auxiliary_pca_ablation
