trait	trait_group	pearson__genotype_pca_population_ridge	pearson__genotype_pca_ridge	pearson__population_ridge	r2__genotype_pca_population_ridge	r2__genotype_pca_ridge	r2__mean_baseline	r2__population_ridge	total_non_missing	train_non_missing	val_non_missing	test_non_missing	missing_rate	variance	used_for_baseline	trait_family	pearson_gain_vs_population	r2_gain_vs_population	pearson_gain_vs_genotype_only	r2_gain_vs_genotype_only
agri_aa_oil__Oil_OIL	agri_aa_oil	0.924294437607209	0.924829100809524	0.5086323682328454	0.8271520389356026	0.8300541866240254	-0.0138431601473685	0.2440811356287221	440	306	67	67	0.0455531453362255	2.614772620560053	True	oil	0.41566206937436356	0.5830709033068805	-0.0005346632023149889	-0.002902147688422785
agri_aa_oil__Oil_C18_2	agri_aa_oil	0.8945415668877361	0.8958308671670855	0.5997692791856578	0.7932323891817094	0.7944477584846058	-0.0125798458944352	0.3251168608758339	440	306	67	67	0.0455531453362255	0.522780248244523	True	oil	0.2947722877020783	0.46811552830587544	-0.0012893002793493702	-0.0012153693028964518
agri_aa_oil__Oil_C18_1	agri_aa_oil	0.877589573446752	0.8867467994809028	0.3860216115471281	0.767657477681241	0.7551772964010457	-0.0122598734386818	0.1314076453245242	440	306	67	67	0.0455531453362255	0.5523392154616097	True	oil	0.49156796189962393	0.6362498323567168	-0.009157226034150812	0.012480181280195346
agri_aa_oil__Oil_C20_0	agri_aa_oil	0.8486652074153735	0.8540986154200004	0.5101887533530455	0.6952679368318753	0.7106384597448796	-0.0578079622223695	0.2186983707469062	440	306	67	67	0.0455531453362255	8.910272736354148e-05	True	oil	0.33847645406232807	0.47656956608496903	-0.005433408004626883	-0.015370522913004336
agri_aa_oil__Oil_C20_1	agri_aa_oil	0.8375809682947283	0.8422448660096392	0.4867688233052183	0.7007746800096599	0.7092927018905213	-0.0021226084096166	0.2279524700480439	440	306	67	67	0.0455531453362255	3.676585214087538e-05	True	oil	0.35081214498950997	0.47282220996161606	-0.004663897714910936	-0.00851802188086137
agri_aa_oil__Oil_C16_0	agri_aa_oil	0.8261322589379528	0.8299767321728122	0.4319368706569112	0.6777891208446669	0.6857995291855487	-0.0043765794318513	0.1819751710877322	440	306	67	67	0.0455531453362255	0.0343325295080544	True	oil	0.3941953882810416	0.4958139497569347	-0.003844473234859369	-0.008010408340881736
agri_aa_oil__Oil_C18_0	agri_aa_oil	0.8126235791042038	0.8167272608396187	0.5301340062395081	0.5778280569391898	0.6003093664665243	-0.0724381351131024	0.2277266533401661	440	306	67	67	0.0455531453362255	0.0025414148419124	True	oil	0.28248957286469567	0.35010140359902375	-0.004103681735414866	-0.022481309527334514
agri_aa_oil__kernellength	agri_aa_oil	0.7498388718773434	0.7341466871210814	0.619107056746317	0.509565376145118	0.5366209765392598	-0.0005640931038453	0.3793864626930999	458	320	68	70	0.0065075921908893	0.5960559491104512	True	agronomic	0.13073181513102639	0.1301789134520181	0.015692184756261995	-0.027055600394141788
agri_aa_oil__Oil_C16_1	agri_aa_oil	0.7445930472317249	0.7472883307339214	0.2372326299370003	0.5257291686345023	0.5364480256381852	-0.0088193415079089	0.0302884042623993	440	306	67	67	0.0455531453362255	5.947209810323703e-06	True	oil	0.5073604172947246	0.49544076437210294	-0.0026952835021964994	-0.010718857003682913
agri_aa_oil__Oil_C200_C220	agri_aa_oil	0.7434266133386487	0.7411894958921033	0.4469051750004338	0.5284105611142388	0.5240204648533051	-0.0281299682293632	0.1722885463205262	440	306	67	67	0.0455531453362255	0.22213762439222	True	oil	0.29652143833821487	0.3561220147937126	0.0022371174465454224	0.0043900962609336736
agri_aa_oil__Oil_C182_C183	agri_aa_oil	0.7429331431042852	0.7444999936664582	0.518206776505352	0.5205242172053608	0.5231276009045629	-0.0298174602913661	0.2305778776658791	440	306	67	67	0.0455531453362255	89.83068048869198	True	oil	0.2247263665989332	0.2899463395394817	-0.0015668505621730944	-0.0026033836992020998
agri_aa_oil__Oil_C18_3P	agri_aa_oil	0.6941523915257505	0.6970528973809287	0.2775751658135568	0.4519565297054062	0.4555001091240463	-0.0620051208225065	0.0174355866218066	440	306	67	67	0.0455531453362255	0.0871413766132012	True	oil	0.4165772257121937	0.43452094308359956	-0.0029005058551782037	-0.0035435794186401415
metabolite__L_Threonine_E1	metabolite	0.6913502480326984	0.6643737581764417	0.3011938315976971	0.2628218200325047	0.2208127427988174	-0.2526402888067385	-0.1296046948994951	320	238	44	38	0.3058568329718004	167190521698.66772	True	metabolite	0.3901564164350013	0.3924265149319998	0.02697648985625667	0.0420090772336873
metabolite__L_Proline_E1	metabolite	0.6600080883624035	0.6043396113887464	0.5096217613331019	0.2705736664614749	0.2157108922502563	-0.0024933272436256	0.1119106385929662	320	238	44	38	0.3058568329718004	373435534168299.4	True	metabolite	0.15038632702930166	0.15866302786850872	0.05566847697365718	0.0548627742112186
metabolite__Trigonelline_E1	metabolite	0.6577372712142149	0.6546020540227999	0.3948568898101983	0.2578615352120771	0.245430357562108	-0.0149479975117454	0.0456730263749075	320	238	44	38	0.3058568329718004	5562428095991.28	True	metabolite	0.2628803814040166	0.2121885088371696	0.003135217191414963	0.012431177649969122
agri_aa_oil__Earlength	agri_aa_oil	0.6424643747940497	0.6365485358678276	0.27394984715383	0.287385775134219	0.2775767629243314	-0.0037074263540477	-0.0013789618856436	459	321	68	70	0.0043383947939262	1.803414165274599	True	agronomic	0.36851452764021975	0.2887647370198626	0.005915838926222161	0.009809012209887558
metabolite__Benzamidine_E1	metabolite	0.63721070129985	0.6432371508364665	0.3851167310246436	0.33815485094271	0.3171862349453794	-0.0029158136028477	0.1445765800040519	320	238	44	38	0.3058568329718004	197713090507.44516	True	metabolite	0.2520939702752064	0.19357827093865806	-0.006026449536616463	0.020968615997330575
agri_aa_oil__Oil_C16_0P	agri_aa_oil	0.6245024869813459	0.6046106505632948	0.4555332208756446	0.3476119471961622	0.3580257632294218	-0.0324655277998626	0.1588343839712981	440	306	67	67	0.0455531453362255	2.864724140534501	True	oil	0.16896926610570134	0.18877756322486408	0.019891836418051145	-0.010413816033259637
agri_aa_oil__Oil_C22_0	agri_aa_oil	0.6216095504028424	0.6239729034467698	0.4196877461762517	0.3651089741885407	0.3747666915718187	-0.0439692271491745	0.1446784718754827	440	306	67	67	0.0455531453362255	5.498740555624175e-06	True	oil	0.20192180422659067	0.22043050231305802	-0.0023633530439274297	-0.009657717383277975
metabolite__Glu_Glu_E2	metabolite	0.6214574875901805	0.6769872517148832	0.0681921142571767	0.0098438296192969	0.0091902656306916	-0.0124367555292237	-0.0116922022942127	320	238	44	38	0.3058568329718004	13686932281152.035	True	metabolite	0.5532653733330037	0.0215360319135096	-0.055529764124702674	0.0006535639886053012
agri_aa_oil__Oil_SFA_USFA	agri_aa_oil	0.6072951694436046	0.5909627634581115	0.4544923050671793	0.3378748991344089	0.286959305692104	-0.0085659758773692	0.1865945907439083	440	306	67	67	0.0455531453362255	0.0007210654204242	True	oil	0.15280286437642532	0.15128030839050058	0.016332405985493126	0.050915593442304896
metabolite__Np_Npp_Feruloyl_caffeoyl_spermidine_derivative_E2	metabolite	0.6006843524234436	0.5599449062819731	0.5681044047898672	0.156270786635032	0.0239733220970813	-0.0015035985933793	0.2824582609476603	320	238	44	38	0.3058568329718004	4086806925163.6943	True	metabolite	0.03257994763357641	-0.1261874743126283	0.040739446141470514	0.1322974645379507
metabolite__5_Hydroxyindoleacetic_acid_E1	metabolite	0.600658397454373	0.5961297351944421	0.2975582382132735	0.2884331445344499	0.2674064871046681	-0.0414382170695164	-0.0415124858603848	320	238	44	38	0.3058568329718004	19755631930054.86	True	metabolite	0.3031001592410995	0.3299456303948347	0.004528662259930871	0.021026657429781825
metabolite__DIMBOA_glucoside_E1	metabolite	0.5994274568125647	0.6282950541947273	0.1579928314595133	0.1391887709660345	0.1253938234847431	-0.0007437606230942	0.0242780431350299	320	238	44	38	0.3058568329718004	277189699119.5818	True	metabolite	0.44143462535305145	0.11491072783100459	-0.028867597382162602	0.013794947481291397
agri_aa_oil__Oil_C18_1P	agri_aa_oil	0.5970206817229022	0.5989336690753077	0.2082395177837314	0.3493391999183041	0.3532172045045	-0.0075746719277109	0.0132342359469289	440	306	67	67	0.0455531453362255	38.159605786750966	True	oil	0.38878116393917084	0.3361049639713752	-0.0019129873524054153	-0.0038780045861959156
agri_aa_oil__Oil_C18_2P	agri_aa_oil	0.5958478952167248	0.6191740930805371	0.3322554730858176	0.3265250109272212	0.3782228420993937	-0.0022074565875076	0.1030813562374105	440	306	67	67	0.0455531453362255	34.17360458855153	True	oil	0.26359242213090717	0.2234436546898107	-0.023326197863812292	-0.051697831172172526
agri_aa_oil__Silkingtime	agri_aa_oil	0.5951184091899957	0.6570946850923038	0.3988491294022806	0.3519360141272877	0.428450895040803	-0.0002231630008919	0.1041884964486492	459	321	68	70	0.0043383947939262	12.473752177992944	True	agronomic	0.19626927978771508	0.2477475176786385	-0.06197627590230814	-0.07651488091351533
metabolite__Pyroglutamic_acid_E1	metabolite	0.5913646073516078	0.5609334650444179	0.3866372462933473	0.0833485039834804	0.2378962814134904	-0.0275947657459521	-0.0004380219716375	320	238	44	38	0.3058568329718004	8429742793.005486	True	metabolite	0.2047273610582605	0.0837865259551179	0.030431142307189907	-0.15454777743001
agri_aa_oil__Pollenshed	agri_aa_oil	0.5869225650721772	0.6406528970042389	0.4419947212490146	0.3443519376558154	0.4054049644341498	-0.0009277514315018	0.1425727684140499	459	321	68	70	0.0043383947939262	13.205078182487275	True	agronomic	0.1449278438231626	0.2017791692417655	-0.05373033193206167	-0.06105302677833441
agri_aa_oil__Oil_C24_0P	agri_aa_oil	0.5789056445440119	0.5867638498961353	0.2135644023488044	0.301844565233441	0.3104661429016809	-0.0206654492938136	-0.0241229859992311	440	306	67	67	0.0455531453362255	0.0059697893422165	True	oil	0.3653412421952076	0.32596755123267207	-0.007858205352123337	-0.0086215776682399
metabolite__Coumaroylserotonin_E1	metabolite	0.563753439335103	0.5977726638800708	0.1726883172462642	0.3096967509061118	0.3569800904090241	-0.0106728055076528	-0.0755293281507314	320	238	44	38	0.3058568329718004	1139201157250.768	True	metabolite	0.3910651220888388	0.38522607905684325	-0.03401922454496775	-0.0472833395029123
metabolite__N_caffeoyl_O_hexoside_spermidine_E1	metabolite	0.5600398465032688	0.5778669336425432	0.4263492527748049	0.1915802147514942	0.173414430011917	-0.0730598028946878	0.1082923128851378	320	238	44	38	0.3058568329718004	672993459775.9943	True	metabolite	0.13369059372846387	0.0832879018663564	-0.01782708713927439	0.018165784739577195
agri_aa_oil__Headingdate	agri_aa_oil	0.5582158089612339	0.5842752882297859	0.471041315223551	0.3066103023801259	0.3261432423288859	-0.0036533865870773	0.1774305829058879	459	321	68	70	0.0043383947939262	13.494123969241098	True	agronomic	0.08717449373768288	0.12917971947423798	-0.02605947926855201	-0.019532939948760042
metabolite__Tryptamine_E1	metabolite	0.5534237861980783	0.6557713333979089	0.0733075733385949	0.1033167898945126	0.1036014094503795	-0.0061009131351703	-0.0109989415125935	320	238	44	38	0.3058568329718004	14355848036657.916	True	metabolite	0.4801162128594834	0.1143157314071061	-0.10234754719983064	-0.0002846195558669079
agri_aa_oil__Oil_C181_C182	agri_aa_oil	0.5521077843813205	0.5885245367551472	0.2157133089790996	0.2882918266511142	0.3396996703582053	-0.0057143582687837	0.0330653424474904	440	306	67	67	0.0455531453362255	0.0421941057570335	True	oil	0.3363944754022209	0.2552264842036238	-0.03641675237382669	-0.051407843707091117
agri_aa_oil__Leafnumberaboveear	agri_aa_oil	0.5513138035959115	0.4960096937547841	0.5189633326445492	0.2268660510190094	0.1501856111850118	-0.1053060546291084	0.1811643717944449	459	321	68	70	0.0043383947939262	0.3671240794312702	True	agronomic	0.03235047095136234	0.0457016792245645	0.055304109841127436	0.07668043983399758
agri_aa_oil__Oil_C16_1P	agri_aa_oil	0.5510428866480737	0.5709610432802403	0.2224098461299344	0.2913299915764898	0.2916459291692279	-0.0075280117081022	0.0283326515351522	440	306	67	67	0.0455531453362255	0.0016116690334497	True	oil	0.32863304051813924	0.2629973400413376	-0.019918156632166673	-0.0003159375927380692
metabolite__L_Aspartic_acid_E1	metabolite	0.5499336714419243	0.4769651957292594	0.2598223311051735	0.2565074120694935	0.2008590098511322	-4.384232837861824e-05	0.0389696912427334	320	238	44	38	0.3058568329718004	4765923996865.204	True	metabolite	0.2901113403367508	0.21753772082676012	0.0729684757126649	0.055648402218361315
metabolite__Feruloyltryptamine_E1	metabolite	0.5456895823955218	0.534994640506135	0.3126548469088972	0.246162126038046	0.2196429630321057	-0.0001976188193331	0.0915747988647682	320	238	44	38	0.3058568329718004	367226781932535.7	True	metabolite	0.23303473548662457	0.15458732717327778	0.0106949418893868	0.02651916300594029
metabolite__L_saccharopine_E1	metabolite	0.5411687918703045	0.5315338848900307	0.4218204139970295	0.0696152176244846	0.0521183972727585	-0.0144977511283792	0.0866893299736656	320	238	44	38	0.3058568329718004	384146596536.4934	True	metabolite	0.11934837787327501	-0.017074112349181006	0.009634906980273805	0.017496820351726096
agri_aa_oil__Oil_C160_C180	agri_aa_oil	0.5396400091789009	0.5270204354581333	0.3317322927720659	0.2119315125132277	0.1836505166216705	-0.1200866746168529	0.0003730944176093	440	306	67	67	0.0455531453362255	3.0262603480812817	True	oil	0.20790771640683497	0.2115584180956184	0.012619573720767607	0.028280995891557192
metabolite__L_Tyrosine_E1	metabolite	0.5384424190302268	0.6156300385975347	0.3781771283755148	0.0984517704785042	0.0857693175295554	-0.013363113739977	0.1401247830335005	320	238	44	38	0.3058568329718004	1120323418.572688	True	metabolite	0.160265290654712	-0.04167301255499631	-0.07718761956730791	0.012682452948948805
metabolite__L_saccharopine_E2	metabolite	0.5318431938738678	0.5698629926968724	0.1816319775081592	0.0334689163819391	0.0280680700204779	-0.0408922342692292	-0.0384903192646237	320	238	44	38	0.3058568329718004	16963814374568.965	True	metabolite	0.3502112163657086	0.0719592356465628	-0.03801979882300455	0.005400846361461199
agri_aa_oil__AA_Arg	agri_aa_oil	0.5240259833953493	0.4269326650398309	0.4875334998182241	0.2721532252322411	0.1073402614937786	-0.0035289813788612	0.2344435494791878	412	289	60	63	0.106290672451193	1.2524811226224948	True	amino_acid	0.036492483577125256	0.03770967575305331	0.09709331835551843	0.16481296373846252
agri_aa_oil__Oil_C22_0P	agri_aa_oil	0.5167613170368714	0.5314115989547393	0.2054986692385177	0.2478437325252661	0.2769158447293993	-0.0010437723433589	0.0146098419919959	440	306	67	67	0.0455531453362255	0.0023153720210359	True	oil	0.3112626477983538	0.2332338905332702	-0.01465028191786788	-0.029072112204133194
metabolite__Feruloyltryptamine_E2	metabolite	0.5156088361974572	0.4572333599049186	0.3744145890475285	0.2287963030947902	0.1525166485655326	-0.0103226402302516	0.1305042453490014	320	238	44	38	0.3058568329718004	636028870468240.5	True	metabolite	0.14119424714992873	0.09829205774578881	0.05837547629253864	0.07627965452925761
agri_aa_oil__Oil_C20_0P	agri_aa_oil	0.5144158262615192	0.5605030570491426	0.2435924192015761	0.2266423665363039	0.3034402916179541	-0.0622972585701053	-0.0276259664328406	440	306	67	67	0.0455531453362255	0.0093318739626386	True	oil	0.27082340705994307	0.25426833296914453	-0.046087230787623445	-0.0767979250816502
metabolite__L_Arginine_E1	metabolite	0.5139110701032815	0.5015886445727835	0.3219489557612397	0.1860223343456196	0.1725202636931538	-0.0095167268648894	-0.0268015059709492	320	238	44	38	0.3058568329718004	48076439106583.07	True	metabolite	0.1919621143420418	0.2128238403165688	0.012322425530498005	0.013502070652465809
agri_aa_oil__Oil_C18_3	agri_aa_oil	0.5114993236534248	0.5406229121681004	0.077503002468037	0.2023857799568958	0.210125230835654	-0.0150316607488194	-0.0138878777270661	440	306	67	67	0.0455531453362255	8.94600860942383e-05	True	oil	0.4339963211853878	0.2162736576839619	-0.02912358851467567	-0.007739450878758186
metabolite__Serotonin_E2	metabolite	0.5104726302955711	0.4785478532511582	0.3837465481343822	0.1379401244637356	0.1263944858572968	-0.008532472688264	0.1123267178363222	320	238	44	38	0.3058568329718004	417880187802.116	True	metabolite	0.1267260821611889	0.025613406627413404	0.03192477704441293	0.011545638606438813
metabolite__N_Coumaroyltryptamine_E2	metabolite	0.5002835465008953	0.4867124607608369	0.3750498050132171	0.1243929867588481	0.0561005803770892	-0.0018840659653907	0.1368310979019551	320	238	44	38	0.3058568329718004	401477749823279.6	True	metabolite	0.12523374148767824	-0.012438111143107	0.013571085740058442	0.0682924063817589
metabolite__L_Phenylalanine_E1	metabolite	0.4967203951388808	0.4726136645321033	0.3463734726906747	0.1081611048751473	0.0732254733459968	-0.0038243525722403	0.1097839890820395	320	238	44	38	0.3058568329718004	838861055445728.8	True	metabolite	0.15034692244820608	-0.0016228842068922028	0.024106730606777482	0.034935631529150496
metabolite__Malvidin_3_O_hexoside_E2	metabolite	0.4920061121429363	0.4592909000126554	0.4380909828479118	0.2048860357874237	0.1614960987602198	-0.0814364936530851	0.1314312262737341	320	238	44	38	0.3058568329718004	14386838196.175549	True	metabolite	0.05391512929502451	0.0734548095136896	0.032715212130280946	0.043389937027203895
metabolite__L_Isoleucine_E1	metabolite	0.4879533947471341	0.4542563473913791	0.4267048389680054	0.2257088324357629	0.1915568341744729	-0.001632904234909	0.1739343304770249	320	238	44	38	0.3058568329718004	4523927281259.796	True	metabolite	0.061248555779128744	0.051774501958738006	0.033697047355755017	0.034151998261290006
agri_aa_oil__Earleaflength	agri_aa_oil	0.4862833154774632	0.4587215473320845	0.4429897373180186	0.2335130709253488	0.1387333227435706	-0.0012868725320944	0.1932097905811629	459	321	68	70	0.0043383947939262	50.59300347269648	True	agronomic	0.04329357815944457	0.0403032803441859	0.027561768145378696	0.0947797481817782
metabolite__Glutamine_E1	metabolite	0.4858622698133606	0.5482604033262959	0.163529728537003	0.1031498434101022	0.2227568127144273	-0.0004133159705852	0.0050381287191548	320	238	44	38	0.3058568329718004	19887572194112.46	True	metabolite	0.3223325412763576	0.0981117146909474	-0.06239813351293527	-0.1196069693043251
metabolite__L_Aspartic_acid_E2	metabolite	0.4845652427322039	0.4859530805603969	0.2866151902893544	0.2216529644450899	0.2156334068231311	-0.015549425826566	0.0654122759403794	320	238	44	38	0.3058568329718004	51230637582288.4	True	metabolite	0.19795005244284952	0.15624068850471048	-0.0013878378281929615	0.006019557621958799
metabolite__L_Leucine_E1	metabolite	0.4836495578944572	0.4609854185306575	0.4398794584107195	0.2277269842994783	0.2063746392118702	-0.0068148858598648	0.1865256008291105	320	238	44	38	0.3058568329718004	51342964450431.03	True	metabolite	0.04377009948373767	0.04120138347036781	0.022664139363799685	0.02135234508760811
agri_aa_oil__Tasselmainaxislength	agri_aa_oil	0.4826336283426001	0.492723900098553	0.2872492841430748	0.2265863009459273	0.2286202088277303	-0.0018030699881772	0.0803680337203305	459	321	68	70	0.0043383947939262	11.03070153448124	True	agronomic	0.19538434419952527	0.1462182672255968	-0.010090271755952895	-0.002033907881802993
agri_aa_oil__Plantheight	agri_aa_oil	0.4809312713878985	0.4764639764030418	0.4048873310431766	0.1819935348619078	0.1817533898512082	-0.0011567420769205	0.1506213564931066	459	321	68	70	0.0043383947939262	449.4803020746264	True	agronomic	0.0760439403447219	0.03137217836880121	0.004467294984856707	0.00024014501069960503
agri_aa_oil__Kernernumberperrow	agri_aa_oil	0.4808824999409242	0.4499026663468165	0.3900618863152651	0.205124138271559	0.1690695090024244	-0.0153277672881584	0.1059975840492883	459	321	68	70	0.0043383947939262	6.085513065952879	True	agronomic	0.09082061362565907	0.09912655422227071	0.030979833594107664	0.03605462926913461
agri_aa_oil__100grainweight	agri_aa_oil	0.4797651679832397	0.4584224869042407	0.3005660828826259	0.174802863840612	0.1590109548620336	-0.0013137934527023	0.0444065278506273	456	320	66	70	0.0108459869848156	6.417899206559154	True	agronomic	0.17919908510061383	0.1303963359899847	0.021342681078999004	0.015791908978578406
agri_aa_oil__Earheight	agri_aa_oil	0.4768421244547166	0.4794821214348642	0.2016934290426019	0.1943123000386365	0.1880771128151515	-0.0495447674853863	-0.0273779773263749	459	321	68	70	0.0043383947939262	180.07002262230978	True	agronomic	0.2751486954121147	0.2216902773650114	-0.0026399969801476075	0.006235187223485011
metabolite__L_Pipecolate_E1	metabolite	0.4754406087191733	0.4506668105999221	0.204148471567304	0.0135385815375763	-0.0142762721989617	-0.1217296552686832	-0.0983632905266005	320	238	44	38	0.3058568329718004	26143572091496.863	True	metabolite	0.2712921371518693	0.1119018720641768	0.024773798119251234	0.027814853736538
metabolite__3p_4p_5p_Tricetin_O_rhamnosyl_O_hexoside_E2	metabolite	0.4740000957651955	0.4132211144800662	0.3350208955799973	0.176398769640784	0.1302178081836575	-0.0362340746601519	0.06545396169355	320	238	44	38	0.3058568329718004	2532717506.0701804	True	metabolite	0.13897920018519816	0.11094480794723399	0.06077898128512926	0.046180961457126496
agri_aa_oil__Oil_C220_C240	agri_aa_oil	0.4730899457086936	0.4574147964218938	0.2483047718402984	0.1617425908491735	0.1479825203980406	-0.0982888674749926	-0.0795167201563569	440	306	67	67	0.0455531453362255	0.0263085760074134	True	oil	0.22478517386839522	0.24125931100553039	0.015675149286799805	0.013760070451132894
agri_aa_oil__Oil_C24_0	agri_aa_oil	0.4707684984237498	0.4801385927418302	0.2632388886081153	0.1073625019237445	0.1364957437162678	-0.0003172785309499	0.0363246587905837	440	306	67	67	0.0455531453362255	7.501855090987648e-06	True	oil	0.2075296098156345	0.0710378431331608	-0.00937009431808039	-0.0291332417925233
metabolite__Chrysoeriol_C_hexosyl_O_rhamnoside_E2	metabolite	0.4677025465150311	0.2828362023705736	0.4323202740095258	0.1804655897369149	0.0453892599287896	-0.0095636714464546	0.0299336385740633	320	238	44	38	0.3058568329718004	18847062840.34168	True	metabolite	0.03538227250550535	0.1505319511628516	0.18486634414445752	0.13507632980812528
metabolite__N_caffeoyl_O_hexoside_spermidine_E2	metabolite	0.467127079938624	0.4249773616855867	0.3241470450249986	0.0489007813810555	-0.022287990209864	-0.0353972673101139	0.0662455019700495	320	238	44	38	0.3058568329718004	144309491877262.9	True	metabolite	0.14298003491362543	-0.017344720588994	0.042149718253037316	0.07118877159091949
metabolite__N_Coumaroyl_spermidine_derivative_E2	metabolite	0.4603440153602782	0.4702853441787538	-0.0369094317559018	0.1168479989407899	0.1157238675207837	-0.0006107625518954	-0.0232531628103025	320	238	44	38	0.3058568329718004	118672785840.78488	True	metabolite	0.49725344711617997	0.14010116175109238	-0.009941328818475592	0.001124131420006197
metabolite__Nalidixic_acid_E2	metabolite	0.4600125294590539	0.4416604648131639	0.0719317753714026	0.2107743346041637	0.1944767905258851	-0.0452058816616782	-0.0419182846751822	320	238	44	38	0.3058568329718004	39124522745021.9	True	metabolite	0.3880807540876513	0.2526926192793459	0.01835206464589001	0.016297544078278603
metabolite__Carpacin_E1	metabolite	0.4583887937411567	0.3298742120445904	0.4119135297169816	0.1186506903456	0.0519777051573796	-0.000642491674077	0.1443806974268331	320	238	44	38	0.3058568329718004	11785506905.815046	True	metabolite	0.04647526402417512	-0.025730007081233103	0.12851458169656632	0.0666729851882204
metabolite__LPC1_acyl_18_3_2_E2	metabolite	0.447996655070753	0.379349196410618	0.4425639107737103	0.198850131474231	0.1322335355485805	-0.0048455030731409	0.1933190293964138	320	238	44	38	0.3058568329718004	7690181030564.264	True	metabolite	0.005432744297042658	0.005531102077817207	0.068647458660135	0.0666165959256505
metabolite__Asparagine_E1	metabolite	0.4479108337571654	0.3514334114895512	0.5670111509483592	0.0427605926106277	-0.0125398159489467	-0.1242808952822214	0.0105125384003074	320	238	44	38	0.3058568329718004	12362272409874.607	True	metabolite	-0.1191003171911938	0.0322480542103203	0.09647742226761419	0.0553004085595744
metabolite__L_Serine_E1	metabolite	0.4459214438126192	0.468997920173457	0.1504784546031389	0.0300425844963629	0.021931083731463	-0.0572732115230096	-0.043169576834108	320	238	44	38	0.3058568329718004	65813718642.24138	True	metabolite	0.2954429892094803	0.0732121613304709	-0.02307647636083776	0.008111500764899901
agri_aa_oil__AA_His	agri_aa_oil	0.4387864825166798	0.3975074568835588	0.3879922389181284	0.1861943829613394	0.1529975250622037	-0.0038097974103561	0.128549786280184	412	289	60	63	0.106290672451193	0.2660773838934305	True	amino_acid	0.05079424359855139	0.0576445966811554	0.04127902563312097	0.03319685789913568
agri_aa_oil__Earleafwidth	agri_aa_oil	0.4353275152957953	0.4064809588199343	0.3815107795152457	0.1709328115257243	0.1459826868676442	-0.0174838975527722	0.1097580043309585	459	321	68	70	0.0043383947939262	0.6749304747945771	True	agronomic	0.053816735780549574	0.061174807194765785	0.028846556475860985	0.02495012465808008
metabolite__Phenylpyruvic_acid_E2	metabolite	0.4329800472269399	0.4272546296833012	0.3215930011480967	0.1442485360565412	0.1299627999371896	-0.0156742107490295	0.0757693091858525	320	238	44	38	0.3058568329718004	174447414096.78683	True	metabolite	0.1113870460788432	0.0684792268706887	0.0057254175436387	0.014285736119351605
metabolite__O_Acetyl_L_serine_E1	metabolite	0.4295619770080225	0.4912894066803218	0.1550107198944306	0.0650968223080955	0.1939379068125716	-0.0334022287024127	-0.0200482461049349	320	238	44	38	0.3058568329718004	16127711771158.309	True	metabolite	0.2745512571135919	0.0851450684130304	-0.06172742967229927	-0.12884108450447607
metabolite__Feruloylserotonin_E1	metabolite	0.4284176224842509	0.4145977117657636	0.3283084165176019	0.1768842313968115	0.1608454558215828	-0.0015871683400645	0.1015774239910318	320	238	44	38	0.3058568329718004	855116567.1643319	True	metabolite	0.10010920596664902	0.0753068074057797	0.013819910718487316	0.016038775575228703
metabolite__LPC1_acyl_18_2_2_E1	metabolite	0.4274066945026232	0.3724385156612297	0.321883787817266	0.0507524625724593	0.0389932483596274	-0.0040801355712485	-0.0004414068160143	320	238	44	38	0.3058568329718004	4211045994318.1816	True	metabolite	0.10552290668535719	0.0511938693884736	0.05496817884139349	0.011759214212831902
metabolite__Ethyl_syringate_E2	metabolite	0.4255030876454119	0.3788463297748678	0.3681558552875784	0.1250678505837121	0.1124906273256227	-5.764438838640196e-05	0.1311183841899627	320	238	44	38	0.3058568329718004	64795870811.52038	True	metabolite	0.05734723235783351	-0.006050533606250602	0.046656757870544074	0.012577223258089382
metabolite__Phenylpyruvic_acid_E1	metabolite	0.4211339574700579	0.4515926824826027	0.297178665518969	0.1743360657561017	0.0670406322643485	-0.005882136589975	0.0500735613031436	320	238	44	38	0.3058568329718004	8688340800.842476	True	metabolite	0.1239552919510889	0.12426250445295808	-0.03045872501254482	0.10729543349175319
metabolite__Norcinnamolaurine_E2	metabolite	0.4191192999190163	0.4139439961550495	0.3740159343273976	0.1306207731053178	0.0587471182000998	-0.003370416653381	0.1383986838282241	320	238	44	38	0.3058568329718004	297403913085160.56	True	metabolite	0.045103365591618705	-0.007777910722906289	0.005175303763966799	0.071873654905218
metabolite__Uracil_E1	metabolite	0.4146086533554927	0.4182078703464839	0.4422729332146262	0.131560244901517	0.1431599528951509	-0.08352584685042	0.1188260165703769	320	238	44	38	0.3058568329718004	1091009874.8187697	True	metabolite	-0.0276642798591335	0.012734228331140088	-0.003599216990991194	-0.011599707993633912
agri_aa_oil__Oil_C18_0P	agri_aa_oil	0.4128617705364998	0.3617399300511093	0.3442193871790484	0.0965308756040596	0.0561494540933966	-0.1196556163350419	0.001725240174813	440	306	67	67	0.0455531453362255	0.2504620844409458	True	oil	0.06864238335745143	0.0948056354292466	0.05112184048539048	0.040381421510663
metabolite__IAA_E1	metabolite	0.4103907776310309	0.4029651288785419	0.1732916981034354	0.0594971682489778	0.0508375406980412	-0.0001258625519722	0.0029631090761064	320	238	44	38	0.3058568329718004	1704509103291.536	True	metabolite	0.23709907952759549	0.0565340591728714	0.007425648752488967	0.008659627550936598
agri_aa_oil__Oil_C200_C201	agri_aa_oil	0.4101701749077541	0.4437524717753225	0.067855497124659	0.0734950570765712	0.0950550444328006	-0.1471419187863367	-0.1868906423720007	440	306	67	67	0.0455531453362255	0.0844343383385869	True	oil	0.3423146777830951	0.26038569944857193	-0.03358229686756842	-0.02155998735622941
metabolite__Chrysoeriol_O_hexoside_E2	metabolite	0.4094212648456445	0.3586189602913336	0.3029031118130403	0.110783241955198	0.0607404545379633	-0.0228839967111662	0.0683690485597455	320	238	44	38	0.3058568329718004	70950390070.91594	True	metabolite	0.1065181530326042	0.04241419339545249	0.050802304554310895	0.050042787417234696
metabolite__Coumaroylserotonin_E2	metabolite	0.4065378101892837	0.3664856845646035	0.385803980186252	0.0916176688321566	0.1061314992569562	-0.0067185818788531	0.1441587103248568	320	238	44	38	0.3058568329718004	15191619610401.504	True	metabolite	0.020733830003031695	-0.0525410414927002	0.04005212562468019	-0.01451383042479959
agri_aa_oil__AA_Phe	agri_aa_oil	0.4041307960176395	0.4056201477486858	0.1336845146095183	0.1394127550147761	0.1348827545919261	-0.0087336717788808	0.0092561245740532	412	289	60	63	0.106290672451193	1.1537942414037468	True	amino_acid	0.2704462814081212	0.1301566304407229	-0.0014893517310463067	0.0045300004228499835
metabolite__N_Coumaroyl_spermidine_derivative_E1	metabolite	0.4038147895536292	0.5055076498385301	0.0116348919704436	0.0072435994028871	0.0334704088714403	-5.038063139806148e-05	-0.0273038630524755	320	238	44	38	0.3058568329718004	245501521112.6124	True	metabolite	0.3921798975831856	0.0345474624553626	-0.10169286028490093	-0.0262268094685532
agri_aa_oil__Oil_C20_1P	agri_aa_oil	0.4000319412897652	0.3767222668636557	0.2031767170993497	0.1420389575779348	0.1240315735713374	-0.0118372038233387	0.0255482231064567	440	306	67	67	0.0455531453362255	0.0027844093907619	True	oil	0.1968552241904155	0.1164907344714781	0.02330967442610954	0.018007384006597404
metabolite__Pro_Leu_E1	metabolite	0.3966186876168395	0.4566338775230896	0.1449351177898039	0.1121510005923536	0.1823255966582676	-0.0456873181402046	-0.0813982829090964	320	238	44	38	0.3058568329718004	218390052507.837	True	metabolite	0.2516835698270356	0.19354928350145	-0.0600151899062501	-0.07017459606591402
agri_aa_oil__cobweight	agri_aa_oil	0.3955415239483466	0.4002242234437048	0.2520264300464883	0.0925813762399233	0.1100731704387709	-0.0030188369958177	0.0584889800437068	458	321	68	69	0.0065075921908893	16.337384380242643	True	agronomic	0.1435150939018583	0.0340923961962165	-0.004682699495358211	-0.01749179419884761
metabolite__Indole_3_carboxyaldehyde_E1	metabolite	0.3927752020165946	0.4232298343617827	0.1021860175350834	0.1077461133414806	0.1156365046509944	-0.0206252589256543	-0.0186103749301458	320	238	44	38	0.3058568329718004	8891499387.833073	True	metabolite	0.2905891844815112	0.1263564882716264	-0.030454632345188082	-0.0078903913095138
metabolite__Ferulic_acid_E2	metabolite	0.3891587652952696	0.3122778231771929	0.3477684704127067	0.0576524812901002	0.0087242196830324	-0.0260509033036355	0.0751516538902347	320	238	44	38	0.3058568329718004	35305014253.52665	True	metabolite	0.041390294882562906	-0.017499172600134505	0.07688094211807672	0.0489282616070678
metabolite__LPC1_acyl_20_4_E1	metabolite	0.38804952541658	0.3189509592554748	0.3587825932562956	0.0683141758136268	0.090039948515286	-0.0031392489617361	0.111617437892994	320	238	44	38	0.3058568329718004	8378177931.990244	True	metabolite	0.02926693216028442	-0.0433032620793672	0.06909856616110521	-0.021725772701659207
metabolite__Dicoumaroylputrescine_E2	metabolite	0.3871524667029454	0.4255347325677943	0.3110478860581376	0.0800738000927925	0.1463089051347498	-0.0054023473972726	0.0768639080637517	320	238	44	38	0.3058568329718004	372059994111441.94	True	metabolite	0.0761045806448078	0.0032098920290407895	-0.038382265864848886	-0.06623510504195732
agri_aa_oil__AA_Asp	agri_aa_oil	0.3869909985270506	0.3793449196071912	0.2295537202948472	0.1446332889838283	0.1338706298527604	-0.0017170223137654	0.0503387081408606	412	289	60	63	0.106290672451193	2.062570392411774	True	amino_acid	0.1574372782322034	0.0942945808429677	0.0076460789198594115	0.010762659131067887
metabolite__N_Feruloylputrescine_E1	metabolite	0.3819072443021517	0.348469518747851	0.3971589200601504	0.0663281153695972	0.0334520942477157	-0.1320762772650503	0.0179128249451742	320	238	44	38	0.3058568329718004	497096822473981.2	True	metabolite	-0.015251675757998684	0.048415290424422996	0.033437725554300746	0.032876021121881496
agri_aa_oil__AA_Leu	agri_aa_oil	0.370540740047284	0.3841847529541638	0.0106131201150122	0.1155411003430426	0.1217636349011216	-0.0164340137133967	-0.0163229573043348	412	289	60	63	0.106290672451193	9.765276794271868	True	amino_acid	0.3599276199322718	0.1318640576473774	-0.013644012906879832	-0.0062225345580790015
agri_aa_oil__AA_Thr	agri_aa_oil	0.3688029307066887	0.3666829104567527	0.1924417034076571	0.1216270474997233	0.1159052762701728	-0.0055749180749746	0.0312307278836172	412	289	60	63	0.106290672451193	0.2751919532996376	True	amino_acid	0.1763612272990316	0.09039631961610611	0.002120020249935961	0.005721771229550504
metabolite__Scopoletin_E1	metabolite	0.3684511512922493	0.3069054904737265	0.3177216149960515	0.0535420524237009	0.0374234930835605	-0.0022823557233948	0.0841149977513093	320	238	44	38	0.3058568329718004	25344100120.591694	True	metabolite	0.05072953629619781	-0.030572945327608403	0.06154566081852281	0.0161185593401404
metabolite__N_N_caffeoyl_Feruloyl_spermidine_derivative_E2	metabolite	0.3680309549831675	0.4092000009500966	0.3187465781296206	0.0266932504166707	0.0214062244102983	-0.0028862536500444	0.0936750251215029	320	238	44	38	0.3058568329718004	5716783284105.329	True	metabolite	0.04928437685354692	-0.0669817747048322	-0.04116904596692911	0.005287026006372399
metabolite__N_feruloyl_O_hexoside_spermidine_E2	metabolite	0.3640474697751643	0.2931508078631481	0.3035325978036371	0.0568840978867954	0.007208835471995	-1.952699822638237e-05	0.0643474762680773	320	238	44	38	0.3058568329718004	96789144927106.2	True	metabolite	0.06051487197152716	-0.007463378381281895	0.07089666191201616	0.0496752624148004
metabolite__Caffeoyltryptamine_E2	metabolite	0.359215439512758	0.1852289840973817	0.311305982429591	0.0526417671802627	0.0308176206632236	-0.0130148693166041	0.0737409308214945	320	238	44	38	0.3058568329718004	36321253002.96192	True	metabolite	0.04790945708316696	-0.021099163641231794	0.17398645541537627	0.021824146517039098
agri_aa_oil__AA_Ile	agri_aa_oil	0.3570318218945836	0.3580505223389463	0.1408153442654834	0.1124343544919821	0.1108397668830525	-0.0085526967936684	0.0040125325536811	412	289	60	63	0.106290672451193	0.4269481812250457	True	amino_acid	0.2162164776291002	0.108421821938301	-0.0010187004443626968	0.0015945876089295957
metabolite__N_Coumaroyltryptamine_E1	metabolite	0.3543900591029916	0.3787820289152201	0.1307887893513022	0.1218016383371963	0.1314489271192752	-0.001396670574101	-0.0349273972580854	320	238	44	38	0.3058568329718004	165890050281982.44	True	metabolite	0.2236012697516894	0.1567290355952817	-0.02439196981222852	-0.009647288782078892
metabolite__Gluconolactone_E2	metabolite	0.3541844864826339	0.3546546973469617	0.3381164451721526	0.1082925873616815	0.1164095333740068	-0.0417387750083102	0.0806611434048356	320	238	44	38	0.3058568329718004	49848093407.13166	True	metabolite	0.016068041310481285	0.0276314439568459	-0.00047021086432780246	-0.008116946012325293
agri_aa_oil__AA_Pro	agri_aa_oil	0.3535366174901473	0.3505723893164757	0.1902105567003592	0.1214794250360893	0.1187810557238721	-0.0002240403012414	0.0342696990500459	412	289	60	63	0.106290672451193	2.553625180270866	True	amino_acid	0.16332606078978812	0.0872097259860434	0.0029642281736715903	0.0026983693122172026
metabolite__Norcinnamolaurine_E1	metabolite	0.3533960205524928	0.2867128711904347	0.3236040236116161	0.1093846710308685	0.0756862043636992	-0.0378284042582195	0.068291453684951	320	238	44	38	0.3058568329718004	63630658934059.16	True	metabolite	0.029791996940876697	0.041093217345917504	0.0666831493620581	0.0336984666671693
metabolite__L_Valine_E1	metabolite	0.3520635685308999	0.3009669180335587	0.3054764426890035	0.1202794044355084	0.0862293375822292	-0.0123234399215004	0.0806653394315936	320	238	44	38	0.3058568329718004	27544736892633.227	True	metabolite	0.04658712584189639	0.0396140650039148	0.05109665049734119	0.0340500668532792
metabolite__Cyanidin_3_O_glucoside_E2	metabolite	0.3507367952290414	0.3382656684684	0.2468438841247987	0.0655637461852794	0.0140856024581701	-0.045470016134097	0.0278596304971316	320	238	44	38	0.3058568329718004	84320049654.29076	True	metabolite	0.10389291110424267	0.0377041156881478	0.012471126760641382	0.05147814372710929
agri_aa_oil__Oil_C180_C200	agri_aa_oil	0.3450488658477388	0.3123706697445303	0.276361514676625	0.097374222427459	0.0798628792359835	-0.0175744808970816	0.0595921532159898	440	306	67	67	0.0455531453362255	0.6880685876307729	True	oil	0.0686873511711138	0.0377820692114692	0.03267819610320849	0.0175113431914755
metabolite__2pp_6pp_O_Diacetyloninin_E2	metabolite	0.3425929822550597	0.3219170434581788	0.1895943022913652	0.0359613021514078	0.0300531385412983	-0.0021891579399362	-0.0004874956970954	320	238	44	38	0.3058568329718004	124026844696551.72	True	metabolite	0.15299867996369448	0.036448797848503196	0.0206759387968809	0.005908163610109495
metabolite__Modiolin_E1	metabolite	0.3421169819531405	0.3102140304527528	0.2832894820323688	0.0205371423400733	-0.0514808969054967	-0.0635554532962039	-0.016120903992209	320	238	44	38	0.3058568329718004	1295741932.9692397	True	metabolite	0.058827499920771686	0.0366580463322823	0.03190295150038769	0.07201803924557
agri_aa_oil__AA_Ser	agri_aa_oil	0.3353363400789928	0.3260464134162724	0.1591674870057908	0.0882869562786434	0.0798210065186152	-0.0163315552374947	0.0089616576588795	412	289	60	63	0.106290672451193	1.0098851626607328	True	amino_acid	0.17616885307320201	0.0793252986197639	0.009289926662720438	0.008465949760028194
metabolite__2pp_6pp_O_Diacetyloninin_E1	metabolite	0.3335458410136778	0.3672004507469174	0.164863346668477	0.1100701988632496	0.1299807405225287	-0.0022334208236822	0.0103522083774486	320	238	44	38	0.3058568329718004	15241808801097.178	True	metabolite	0.1686824943452008	0.099717990485801	-0.03365460973323958	-0.019910541659279093
metabolite__Chrysoeriol_di_O_hexoside_E2	metabolite	0.3326151306676976	0.2756329693774101	0.3131569548149395	0.0390887906278732	-0.0027107230210918	-0.0097350718269677	0.0371964981331257	320	238	44	38	0.3058568329718004	346713698075.8464	True	metabolite	0.01945817585275811	0.0018922924947475037	0.05698216129028749	0.041799513648965
agri_aa_oil__Kernelthickness	agri_aa_oil	0.3321817537354332	0.2984151689697826	0.2495775139199172	0.1057808269443156	0.0854500328455883	-0.0005918183965551	0.051536820049972	458	320	68	70	0.0065075921908893	0.0989752004474012	True	agronomic	0.08260423981551598	0.054244006894343604	0.03376658476565059	0.020330794098727303
metabolite__L_Proline_E2	metabolite	0.3315091276891318	0.3475629969356696	0.1695142246586128	0.0650084171711607	0.1115875171355468	-0.0097781636614189	-0.0052090056385294	320	238	44	38	0.3058568329718004	1383588145313479.5	True	metabolite	0.16199490303051903	0.0702174228096901	-0.01605386924653779	-0.0465790999643861
metabolite__N_Feruloyl_N_methoxyagmatine_E2	metabolite	0.331260681527152	0.2755933390594191	0.3396874638770941	0.0996942929566614	0.0687834821711541	-0.0042800284422093	0.0830056719408568	320	238	44	38	0.3058568329718004	5324406052713.338	True	metabolite	-0.008426782349942097	0.01668862101580461	0.055667342467732917	0.03091081078550731
metabolite__Sphinganine_E2	metabolite	0.3304155614621812	0.1530115505000349	0.2908482307860568	0.04429970407253	-0.0083774717724127	-0.0289468227739209	0.0607273749946997	320	238	44	38	0.3058568329718004	116259100783.3072	True	metabolite	0.03956733067612439	-0.0164276709221697	0.1774040109621463	0.0526771758449427
metabolite__L_Glutamic_acid_E1	metabolite	0.3195157564357824	0.4002146363397428	-0.0106271235586349	0.0585027302482802	0.0684213586994247	-0.0037360245270445	-0.0138442083329703	320	238	44	38	0.3058568329718004	13770745940438.871	True	metabolite	0.33014287999441727	0.07234693858125049	-0.08069887990396041	-0.009918628451144502
metabolite__Glutathione_E1	metabolite	0.3194779134555103	0.2819716183512348	0.2737307657619243	0.037856890224056	0.0364594320771187	-0.0135637606686622	0.004685706894324	320	238	44	38	0.3058568329718004	1727263820444.749	True	metabolite	0.04574714769358601	0.033171183329732	0.0375062951042755	0.0013974581469372999
metabolite__LPC1_acyl_16_0_1_E1	metabolite	0.3185557426191126	0.2667387269654203	0.2258267737428997	0.0291736204538148	0.0200328060237828	-0.008141965074456	0.0325906257596568	320	238	44	38	0.3058568329718004	20348877779153.605	True	metabolite	0.09272896887621293	-0.0034170053058420018	0.051817015653692344	0.009140814430032
metabolite__Malvidin_di_O_hexoside_E2	metabolite	0.3174967098737453	0.3171947910575838	0.183775078341938	0.0429009482895661	0.078404310246271	-0.0183937437853127	-0.0140328013079347	320	238	44	38	0.3058568329718004	171181122084.6238	True	metabolite	0.1337216315318073	0.056933749597500805	0.00030191881616148386	-0.03550336195670489
metabolite__L_Methionine_E2	metabolite	0.3139207574540352	0.3705553079336763	0.0677444999141658	0.0263952134806749	0.0258659310995758	-0.000531996648726	0.003875689851405	320	238	44	38	0.3058568329718004	8364582971698.668	True	metabolite	0.24617625753986938	0.0225195236292699	-0.05663455047964111	0.0005292823810990992
agri_aa_oil__Eardiameter	agri_aa_oil	0.309942807999383	0.3288415333206226	0.1962644308751766	0.0942889486937139	0.1033620531063175	-0.0006678705614298	0.0273782289268523	459	321	68	70	0.0043383947939262	0.0955517939622308	True	agronomic	0.11367837712420642	0.06691071976686161	-0.018898725321239596	-0.009073104412603603
