seed	trait	model	split	train_non_missing	test_non_missing	n_eval	r2	pearson	spearman	mae	rmse
20260605	agri_aa_oil__Kernernumberperrow	genotype_population_ridge	test	164	36	36	0.1064169720792767	0.4026965863512447	0.3974259974259975	1.861488378054712	2.334025935190211
20260605	agri_aa_oil__Kernernumberperrow	genotype_population_gene_methylation_pca_ridge	test	164	36	36	0.05770451273266841	0.3549390443911986	0.35778635778635787	1.8512940229013135	2.3967998972118942
20260605	agri_aa_oil__Kernernumberperrow	genotype_population_sparse_methylation_elasticnet	test	164	36	36	0.03699065867261586	0.313962945246851	0.32972972972972975	1.9310781450624812	2.4230003211554725
20260605	agri_aa_oil__Oil_C20_1P	genotype_population_ridge	test	158	34	34	0.2273306298277611	0.5249894339310668	0.5049656226126814	0.03578232115307741	0.04449703663518612
20260605	agri_aa_oil__Oil_C20_1P	genotype_population_gene_methylation_pca_ridge	test	158	34	34	0.25649764885817605	0.5121814763971048	0.5000763941940413	0.03364256619355782	0.04364911213324186
20260605	agri_aa_oil__Oil_C20_1P	genotype_population_sparse_methylation_elasticnet	test	158	34	34	0.19290141567339636	0.4612059587752041	0.4099312452253629	0.03525778265435827	0.045477599614378986
20260605	metabolite__Norcinnamolaurine_E1	genotype_population_ridge	test	123	24	24	-0.1952485048242849	0.2632837409162978	0.2756521739130435	4496699.628941744	5602900.470461475
20260605	metabolite__Norcinnamolaurine_E1	genotype_population_gene_methylation_pca_ridge	test	123	24	24	-0.29370155365058026	0.33212733261801214	0.3321739130434782	4662512.513065572	5829091.23848786
20260605	metabolite__Norcinnamolaurine_E1	genotype_population_sparse_methylation_elasticnet	test	123	24	24	-1.458919051128325	0.14076119114202237	0.11652173913043477	6245564.972614408	8036295.896540691
20260605	agri_aa_oil__Oil_C18_0	genotype_population_ridge	test	158	34	34	0.5330798953178537	0.7581880226104158	0.3677616501145912	0.03381435680535491	0.045778391962121995
20260605	agri_aa_oil__Oil_C18_0	genotype_population_gene_methylation_pca_ridge	test	158	34	34	0.5908642364140602	0.8172398828571488	0.48388082505729557	0.030716799098891395	0.042852184706052655
20260605	agri_aa_oil__Oil_C18_0	genotype_population_sparse_methylation_elasticnet	test	158	34	34	0.4597158728323296	0.7461737785222726	0.5966386554621849	0.030544677147395432	0.049243663004674754
20260605	agri_aa_oil__100grainweight	genotype_population_ridge	test	163	35	35	0.16616981845311862	0.44013401098815524	0.4326633528363567	1.924361709719783	2.4105316595382438
20260605	agri_aa_oil__100grainweight	genotype_population_gene_methylation_pca_ridge	test	163	35	35	0.20856564625525342	0.47498457285268697	0.477064221353393	1.8885269287241553	2.348450892284604
20260605	agri_aa_oil__100grainweight	genotype_population_sparse_methylation_elasticnet	test	163	35	35	0.027729242032348278	0.31350902755789667	0.43868618358156986	2.150546776498476	2.602960911600607
20260605	metabolite__Pro_Leu_E1	genotype_population_ridge	test	123	24	24	0.21591225541124814	0.4913815911101768	0.2637651180703324	297132.4761373618	372573.55721934483
20260605	metabolite__Pro_Leu_E1	genotype_population_gene_methylation_pca_ridge	test	123	24	24	0.2026917753425126	0.4851994877390752	0.27551702927148586	306175.2379547612	375701.40351771156
20260605	metabolite__Pro_Leu_E1	genotype_population_sparse_methylation_elasticnet	test	123	24	24	0.1713037298570762	0.49222562098151934	0.3220894181056865	305661.1098140082	383025.2348178651
20260605	agri_aa_oil__Plantheight	genotype_population_ridge	test	164	36	36	0.0978375016445785	0.5278727246414399	0.5467181467181468	14.200878835176528	18.935965682077143
20260605	agri_aa_oil__Plantheight	genotype_population_gene_methylation_pca_ridge	test	164	36	36	0.21161738455746604	0.5587041679056934	0.5904761904761905	12.832188344663706	17.701643592295312
20260605	agri_aa_oil__Plantheight	genotype_population_sparse_methylation_elasticnet	test	164	36	36	0.08034923324627086	0.4899759061505742	0.4924066924066925	14.937606880088278	19.11862000595241
20260605	agri_aa_oil__Oil_C200_C220	genotype_population_ridge	test	158	34	34	0.5679587675688156	0.8211840785004209	0.6705882352941176	0.3017769541355974	0.37018494358996196
20260605	agri_aa_oil__Oil_C200_C220	genotype_population_gene_methylation_pca_ridge	test	158	34	34	0.55837034306726	0.8671210230988026	0.6925897631779985	0.30345224878316296	0.3742702159364439
20260605	agri_aa_oil__Oil_C200_C220	genotype_population_sparse_methylation_elasticnet	test	158	34	34	0.5080865332544489	0.7451982188383139	0.682505729564553	0.3112890387314129	0.3950031043337535
20260605	agri_aa_oil__Oil_C16_1	genotype_population_ridge	test	158	34	34	0.4168062041123971	0.6572701137057765	0.5187165775401069	0.0013383973053269153	0.0017553274205323022
20260605	agri_aa_oil__Oil_C16_1	genotype_population_gene_methylation_pca_ridge	test	158	34	34	0.49123311964415206	0.7018260032806635	0.6440030557677616	0.0012258508995503388	0.001639498808839951
20260605	agri_aa_oil__Oil_C16_1	genotype_population_sparse_methylation_elasticnet	test	158	34	34	-0.07999145752978465	0.33959587076901165	0.26783804430863256	0.0018435122553754452	0.002388701320766554
20260605	agri_aa_oil__Oil_C180_C200	genotype_population_ridge	test	158	34	34	-0.18432405963235654	0.23940739996252897	0.23269671504965622	0.6706622713254924	0.8810137530916596
20260605	agri_aa_oil__Oil_C180_C200	genotype_population_gene_methylation_pca_ridge	test	158	34	34	0.1558001364596594	0.39808919135103626	0.3760122230710466	0.5818496300360965	0.7438237666082149
20260605	agri_aa_oil__Oil_C180_C200	genotype_population_sparse_methylation_elasticnet	test	158	34	34	0.09338046352031759	0.3815149285126199	0.41359816653934295	0.6191056194531996	0.7708323783396901
20260606	agri_aa_oil__Kernernumberperrow	genotype_population_ridge	test	164	36	36	-0.02433986504608643	0.08488612021856304	0.08725868725868725	2.3811989473647674	2.762882439697633
20260606	agri_aa_oil__Kernernumberperrow	genotype_population_gene_methylation_pca_ridge	test	164	36	36	0.03031847996669823	0.21773289922690317	0.20025740025740027	2.2984454217446393	2.6881588471503988
20260606	agri_aa_oil__Kernernumberperrow	genotype_population_sparse_methylation_elasticnet	test	164	36	36	0.012627225415502985	0.1916327402214322	0.23088803088803087	2.2700864046488047	2.7125699275635067
20260606	agri_aa_oil__Oil_C20_1P	genotype_population_ridge	test	156	35	35	0.09882983997151462	0.338583188025403	0.3159663865546219	0.03545754961527679	0.04216890237700623
20260606	agri_aa_oil__Oil_C20_1P	genotype_population_gene_methylation_pca_ridge	test	156	35	35	0.14894828909353264	0.4239404918541554	0.37310924369747905	0.033808439306799914	0.04097952027307478
20260606	agri_aa_oil__Oil_C20_1P	genotype_population_sparse_methylation_elasticnet	test	156	35	35	-0.16103468183329372	0.3128318775101081	0.31568627450980397	0.038645367238985345	0.047864275759820905
20260606	metabolite__Norcinnamolaurine_E1	genotype_population_ridge	test	113	26	26	-0.1825475944391841	-0.053226268708219976	0.046503676521687944	5375157.875872253	7360187.323402699
20260606	metabolite__Norcinnamolaurine_E1	genotype_population_gene_methylation_pca_ridge	test	113	26	26	-0.17681708567579535	0.03609972448857941	0.11249786452673038	5227278.055186005	7342332.296053443
20260606	metabolite__Norcinnamolaurine_E1	genotype_population_sparse_methylation_elasticnet	test	113	26	26	-0.9975850795016545	-0.1897637593576126	-0.06565224920708886	7056091.190039077	9566040.074871663
20260606	agri_aa_oil__Oil_C18_0	genotype_population_ridge	test	156	35	35	0.15036148463675425	0.4106983093348552	0.5876750700280112	0.02809355868888359	0.061119097160442164
20260606	agri_aa_oil__Oil_C18_0	genotype_population_gene_methylation_pca_ridge	test	156	35	35	0.15846315206027195	0.4208110585051698	0.5876750700280112	0.028341416677553837	0.06082700078210585
20260606	agri_aa_oil__Oil_C18_0	genotype_population_sparse_methylation_elasticnet	test	156	35	35	-0.07078063310002869	0.13725446047183157	0.21848739495798322	0.035900180540815334	0.0686135813648529
20260606	agri_aa_oil__100grainweight	genotype_population_ridge	test	163	36	36	0.14613622014117666	0.43160674092472284	0.3849668583813063	1.9510837011678062	2.3900908039664306
20260606	agri_aa_oil__100grainweight	genotype_population_gene_methylation_pca_ridge	test	163	36	36	0.20468933637442277	0.48617653919219134	0.45858806967990445	1.8426397859003236	2.3066861495227893
20260606	agri_aa_oil__100grainweight	genotype_population_sparse_methylation_elasticnet	test	163	36	36	-0.10442454407193558	0.10557890136132744	0.10631314778433934	2.144022405778898	2.718242071198612
20260606	metabolite__Pro_Leu_E1	genotype_population_ridge	test	113	26	26	0.10241331419102762	0.35164377465624164	0.26329287442426264	297370.7321437469	384888.99048174697
20260606	metabolite__Pro_Leu_E1	genotype_population_gene_methylation_pca_ridge	test	113	26	26	0.17584313331441392	0.4560624645395124	0.34091298155972705	290440.33334568044	368809.60951512173
20260606	metabolite__Pro_Leu_E1	genotype_population_sparse_methylation_elasticnet	test	113	26	26	-0.23896840992570922	0.05139599384769811	-0.0013677551918143513	359463.4610576124	452196.71618754213
20260606	agri_aa_oil__Plantheight	genotype_population_ridge	test	164	36	36	0.15058707316109832	0.5231579215161677	0.4918918918918919	16.8199731654783	20.852387326280446
20260606	agri_aa_oil__Plantheight	genotype_population_gene_methylation_pca_ridge	test	164	36	36	0.2400175317260036	0.5730123584010222	0.5516087516087517	15.407488384356137	19.724142754755462
20260606	agri_aa_oil__Plantheight	genotype_population_sparse_methylation_elasticnet	test	164	36	36	0.13050283160238219	0.4270905781719795	0.4314028314028315	16.91267453896083	21.097472827001408
20260606	agri_aa_oil__Oil_C200_C220	genotype_population_ridge	test	156	35	35	0.13931012620109473	0.42100282626881713	0.5294117647058824	0.34391321740624914	0.5355166764300677
20260606	agri_aa_oil__Oil_C200_C220	genotype_population_gene_methylation_pca_ridge	test	156	35	35	0.16140162383471757	0.44942308696599875	0.592156862745098	0.34578471107154946	0.5285993947301045
20260606	agri_aa_oil__Oil_C200_C220	genotype_population_sparse_methylation_elasticnet	test	156	35	35	-0.037919850733744154	0.20925806114027837	0.29299719887955183	0.39765481966854344	0.5880734357117501
20260606	agri_aa_oil__Oil_C16_1	genotype_population_ridge	test	156	35	35	-0.08338935067071196	0.4178547692966479	0.3820728291316527	0.0015330383011039502	0.0019121216255051227
20260606	agri_aa_oil__Oil_C16_1	genotype_population_gene_methylation_pca_ridge	test	156	35	35	-0.06534987900993561	0.3319351189433857	0.23193277310924368	0.0015191082117680694	0.0018961354705612265
20260606	agri_aa_oil__Oil_C16_1	genotype_population_sparse_methylation_elasticnet	test	156	35	35	-0.38916612463807243	0.1774969348639751	0.12801120448179273	0.0016691640762700596	0.0021652114959503635
20260606	agri_aa_oil__Oil_C180_C200	genotype_population_ridge	test	156	35	35	0.04395134083366081	0.2324353896316761	0.43249299719887957	0.6917956815858884	1.147338078159135
20260606	agri_aa_oil__Oil_C180_C200	genotype_population_gene_methylation_pca_ridge	test	156	35	35	0.06672579816324031	0.274727736084176	0.3795518207282913	0.6798454473930414	1.1335900869009434
20260606	agri_aa_oil__Oil_C180_C200	genotype_population_sparse_methylation_elasticnet	test	156	35	35	0.10871547075174282	0.33541485574389374	0.42072829131652667	0.6899445621549398	1.1077954907362821
20260607	agri_aa_oil__Kernernumberperrow	genotype_population_ridge	test	164	36	36	0.04290174017609272	0.2224591744032918	0.20411840411840412	1.8730259213276454	2.310562370260262
20260607	agri_aa_oil__Kernernumberperrow	genotype_population_gene_methylation_pca_ridge	test	164	36	36	0.10598020370740635	0.33365159408191397	0.32741312741312745	1.7783392333158805	2.2331248305997424
20260607	agri_aa_oil__Kernernumberperrow	genotype_population_sparse_methylation_elasticnet	test	164	36	36	0.018095897084353996	0.28211506168031597	0.2993564993564994	1.8685382018857009	2.3403131356682687
20260607	agri_aa_oil__Oil_C20_1P	genotype_population_ridge	test	156	35	35	0.04076999482797827	0.2669017582038057	0.19411764705882356	0.031964485139674204	0.04330041907385649
20260607	agri_aa_oil__Oil_C20_1P	genotype_population_gene_methylation_pca_ridge	test	156	35	35	0.06268125329367935	0.3363635280267171	0.2296918767507003	0.03399116247204885	0.04280301620374968
20260607	agri_aa_oil__Oil_C20_1P	genotype_population_sparse_methylation_elasticnet	test	156	35	35	0.019452864600283726	0.4164732140101026	0.34425770308123255	0.03517356602015907	0.04377891153580026
20260607	metabolite__Norcinnamolaurine_E1	genotype_population_ridge	test	114	29	29	0.04841703747227655	0.2822578154927897	0.451231527093596	7183533.386401673	9294811.9912174
20260607	metabolite__Norcinnamolaurine_E1	genotype_population_gene_methylation_pca_ridge	test	114	29	29	0.08035197083728651	0.3371492767378167	0.46108374384236434	6926155.884664328	9137515.002159743
20260607	metabolite__Norcinnamolaurine_E1	genotype_population_sparse_methylation_elasticnet	test	114	29	29	-0.048149490605413625	0.20522237393678083	0.22216748768472902	7618600.149427541	9755036.406783506
20260607	agri_aa_oil__Oil_C18_0	genotype_population_ridge	test	156	35	35	0.16228260924663473	0.42528266294570966	0.3988795518207283	0.028200260686875013	0.0616937979143341
20260607	agri_aa_oil__Oil_C18_0	genotype_population_gene_methylation_pca_ridge	test	156	35	35	0.2233890333124332	0.49218660748467946	0.6585434173669468	0.02497357522156602	0.05940110177537209
20260607	agri_aa_oil__Oil_C18_0	genotype_population_sparse_methylation_elasticnet	test	156	35	35	0.09179796459528966	0.3441432527617356	0.1557422969187675	0.036364312172994386	0.06423681156284063
20260607	agri_aa_oil__100grainweight	genotype_population_ridge	test	162	36	36	0.05004892544395201	0.23542222797254383	0.2362934362934363	1.9271851842954817	2.4216959419346615
20260607	agri_aa_oil__100grainweight	genotype_population_gene_methylation_pca_ridge	test	162	36	36	0.11533465510832841	0.3514248971866794	0.3855855855855856	1.8157135708176293	2.3369988695486446
20260607	agri_aa_oil__100grainweight	genotype_population_sparse_methylation_elasticnet	test	162	36	36	-0.040163232185199904	0.30295165003216673	0.34465894465894464	1.9445926445223423	2.534076631335515
20260607	metabolite__Pro_Leu_E1	genotype_population_ridge	test	114	29	29	-0.107305354911581	0.28108221621723284	0.2986693314934132	272378.9612252214	308768.9624383109
20260607	metabolite__Pro_Leu_E1	genotype_population_gene_methylation_pca_ridge	test	114	29	29	-0.3086602415526569	0.23138633960759022	0.21439135181457875	290375.2291460791	335670.6677384493
20260607	metabolite__Pro_Leu_E1	genotype_population_sparse_methylation_elasticnet	test	114	29	29	-1.0848979067570013	0.17184160124028622	0.028092659892944804	358518.7338641778	423684.26475328766
20260607	agri_aa_oil__Plantheight	genotype_population_ridge	test	164	36	36	0.17169814295595842	0.421500071277976	0.46924066924066926	16.036945961330197	19.911682437299092
20260607	agri_aa_oil__Plantheight	genotype_population_gene_methylation_pca_ridge	test	164	36	36	0.21792076221793866	0.49920613481131565	0.41595881595881595	15.009486782378522	19.348130950052713
20260607	agri_aa_oil__Plantheight	genotype_population_sparse_methylation_elasticnet	test	164	36	36	0.15009531940023513	0.3892259085250288	0.357014157014157	16.296788506821485	20.169668029319592
20260607	agri_aa_oil__Oil_C200_C220	genotype_population_ridge	test	156	35	35	0.09873539398396247	0.3694522958256862	0.4938375350140056	0.26865317262288063	0.5029723075170561
20260607	agri_aa_oil__Oil_C200_C220	genotype_population_gene_methylation_pca_ridge	test	156	35	35	0.2520529812705883	0.5399653087175342	0.7016806722689075	0.22086124161907356	0.45819815297157407
20260607	agri_aa_oil__Oil_C200_C220	genotype_population_sparse_methylation_elasticnet	test	156	35	35	0.16238480066164207	0.4130858024582123	0.4588235294117647	0.2789072760604855	0.4848866097908244
20260607	agri_aa_oil__Oil_C16_1	genotype_population_ridge	test	156	35	35	0.314210575829702	0.6164845512663024	0.5372549019607844	0.0013140188919614482	0.0017228636373789285
20260607	agri_aa_oil__Oil_C16_1	genotype_population_gene_methylation_pca_ridge	test	156	35	35	0.37386890572073717	0.6974542926739483	0.5988795518207284	0.0014166131583926295	0.0016462210441766025
20260607	agri_aa_oil__Oil_C16_1	genotype_population_sparse_methylation_elasticnet	test	156	35	35	0.20276934259235235	0.5939828347225288	0.6058823529411765	0.0015470571532221953	0.0018575799240960786
20260607	agri_aa_oil__Oil_C180_C200	genotype_population_ridge	test	156	35	35	0.02978764611543927	0.2086720533364138	0.2677871148459384	0.721543872523927	1.149267794503423
20260607	agri_aa_oil__Oil_C180_C200	genotype_population_gene_methylation_pca_ridge	test	156	35	35	0.08523209075864913	0.32851701444193027	0.4403361344537815	0.7022437388254558	1.1159463012351645
20260607	agri_aa_oil__Oil_C180_C200	genotype_population_sparse_methylation_elasticnet	test	156	35	35	0.06047931008630503	0.2818642043062825	0.42408963585434173	0.6519716090544029	1.1309437657383237
20260608	agri_aa_oil__Kernernumberperrow	genotype_population_ridge	test	164	36	36	-0.007205136944828938	0.2790613468082637	0.27722007722007724	1.6123460336451885	2.0870158248201354
20260608	agri_aa_oil__Kernernumberperrow	genotype_population_gene_methylation_pca_ridge	test	164	36	36	0.05160358760140593	0.3596510668002687	0.27207207207207207	1.6282952392972985	2.0251711284404803
20260608	agri_aa_oil__Kernernumberperrow	genotype_population_sparse_methylation_elasticnet	test	164	36	36	-0.044058234631778825	0.3095263510141742	0.26460746460746465	1.7181584434448156	2.124854209560749
20260608	agri_aa_oil__Oil_C20_1P	genotype_population_ridge	test	158	34	34	0.1956716981792902	0.517044995156487	0.5336898395721925	0.0383173001696253	0.05138000554273803
20260608	agri_aa_oil__Oil_C20_1P	genotype_population_gene_methylation_pca_ridge	test	158	34	34	0.19456046931654158	0.4625790313921898	0.4615737203972498	0.038511453133410256	0.05141548560639284
20260608	agri_aa_oil__Oil_C20_1P	genotype_population_sparse_methylation_elasticnet	test	158	34	34	0.18247051471523434	0.45685764348045804	0.440488922841864	0.04111479766584223	0.051799931336667396
20260608	metabolite__Norcinnamolaurine_E1	genotype_population_ridge	test	122	24	24	0.08064719558774502	0.29012965071757457	0.2670145746965937	5929875.327484377	8006439.491309607
20260608	metabolite__Norcinnamolaurine_E1	genotype_population_gene_methylation_pca_ridge	test	122	24	24	0.11438662573746594	0.3471755696544263	0.3853011615328697	5856984.593049437	7858151.662897465
20260608	metabolite__Norcinnamolaurine_E1	genotype_population_sparse_methylation_elasticnet	test	122	24	24	-0.1329527903786336	0.1711265193694223	0.22961513915277112	7090210.956005623	8888003.765264511
20260608	agri_aa_oil__Oil_C18_0	genotype_population_ridge	test	158	34	34	0.5056271734337362	0.7911861520297212	0.4906035141329259	0.026049265534778734	0.03205032982444015
20260608	agri_aa_oil__Oil_C18_0	genotype_population_gene_methylation_pca_ridge	test	158	34	34	0.615625417055113	0.8239126197741955	0.5064935064935064	0.023410635704003348	0.028260675497466244
20260608	agri_aa_oil__Oil_C18_0	genotype_population_sparse_methylation_elasticnet	test	158	34	34	0.5673051170386283	0.7707123522894284	0.4447669977081742	0.02495952998838878	0.02998444999611222
20260608	agri_aa_oil__100grainweight	genotype_population_ridge	test	163	36	36	0.1654193239192714	0.4444632225851059	0.37065637065637064	2.017416273901972	2.5709008591438836
20260608	agri_aa_oil__100grainweight	genotype_population_gene_methylation_pca_ridge	test	163	36	36	0.13125263777469576	0.5141967705005064	0.48674388674388674	2.021273869670129	2.622997740430598
20260608	agri_aa_oil__100grainweight	genotype_population_sparse_methylation_elasticnet	test	163	36	36	0.10733438319861965	0.3456875945527336	0.2743886743886744	2.1249412501049654	2.6588606125623024
20260608	metabolite__Pro_Leu_E1	genotype_population_ridge	test	122	24	24	-0.08692711278936716	0.1486164507793477	0.07610350256010406	302200.68697094166	356921.83988962084
20260608	metabolite__Pro_Leu_E1	genotype_population_gene_methylation_pca_ridge	test	122	24	24	0.0894004835608081	0.32919828499215864	0.27962601226369665	262602.5861725428	326690.5858148663
20260608	metabolite__Pro_Leu_E1	genotype_population_sparse_methylation_elasticnet	test	122	24	24	0.02191253673965643	0.331809512650786	0.29832573003560797	295455.3760490059	338580.3566748541
20260608	agri_aa_oil__Plantheight	genotype_population_ridge	test	164	36	36	-0.06547526861470088	0.2619683183841042	0.3281853281853282	15.42546474963655	20.18865852572157
20260608	agri_aa_oil__Plantheight	genotype_population_gene_methylation_pca_ridge	test	164	36	36	-0.06253141345225988	0.32184116065116547	0.39253539253539255	14.84650835143469	20.160749104716054
20260608	agri_aa_oil__Plantheight	genotype_population_sparse_methylation_elasticnet	test	164	36	36	-0.07452930099924582	0.2921153977390713	0.3410553410553411	14.81151938655222	20.274255111611115
20260608	agri_aa_oil__Oil_C200_C220	genotype_population_ridge	test	158	34	34	0.4307794358362438	0.6815075628487706	0.41726508785332317	0.22236667691191894	0.2906861165889321
20260608	agri_aa_oil__Oil_C200_C220	genotype_population_gene_methylation_pca_ridge	test	158	34	34	0.5014242846274817	0.7254777854245951	0.40320855614973256	0.2139261129018091	0.2720505196709245
20260608	agri_aa_oil__Oil_C200_C220	genotype_population_sparse_methylation_elasticnet	test	158	34	34	0.41507669876169795	0.6758353471447431	0.4099312452253629	0.23888173585480002	0.29466832913619584
20260608	agri_aa_oil__Oil_C16_1	genotype_population_ridge	test	158	34	34	0.5613583773841171	0.755211549719599	0.6122230710466005	0.0013880867084681444	0.0016661770203609287
20260608	agri_aa_oil__Oil_C16_1	genotype_population_gene_methylation_pca_ridge	test	158	34	34	0.5428320594745084	0.7692018915003395	0.6623376623376623	0.001379319159394273	0.0017009991806710158
20260608	agri_aa_oil__Oil_C16_1	genotype_population_sparse_methylation_elasticnet	test	158	34	34	0.40385352641445493	0.6610710547779209	0.5572192513368983	0.0016088586598406124	0.0019424180736355937
20260608	agri_aa_oil__Oil_C180_C200	genotype_population_ridge	test	158	34	34	0.10623143073440955	0.38548646830128674	0.3747899159663865	0.5355300593970655	0.6703860807064498
20260608	agri_aa_oil__Oil_C180_C200	genotype_population_gene_methylation_pca_ridge	test	158	34	34	0.10221503957074884	0.41160517174542977	0.439877769289534	0.531270151584435	0.671890672999452
20260608	agri_aa_oil__Oil_C180_C200	genotype_population_sparse_methylation_elasticnet	test	158	34	34	-0.04167553263834978	0.355310427154268	0.3790679908326967	0.5677771355223629	0.7237335091813223
20260609	agri_aa_oil__Kernernumberperrow	genotype_population_ridge	test	164	36	36	-0.05820212912441991	0.24454815239892128	0.24221364221364225	1.8624003703469403	2.396187683118196
20260609	agri_aa_oil__Kernernumberperrow	genotype_population_gene_methylation_pca_ridge	test	164	36	36	0.022579109367890426	0.3343498216828728	0.32432432432432434	1.7812434115408966	2.3029119029426086
20260609	agri_aa_oil__Kernernumberperrow	genotype_population_sparse_methylation_elasticnet	test	164	36	36	-0.24919221024548444	0.11086076543971737	0.1425997425997426	2.0842897244000413	2.603461439764071
20260609	agri_aa_oil__Oil_C20_1P	genotype_population_ridge	test	159	34	34	0.21215276912477277	0.49884644911030407	0.5336898395721925	0.03774802524084908	0.042867992609699
20260609	agri_aa_oil__Oil_C20_1P	genotype_population_gene_methylation_pca_ridge	test	159	34	34	0.30657419960517485	0.5723728841369488	0.5871657754010694	0.03500655735677375	0.04021722852911629
20260609	agri_aa_oil__Oil_C20_1P	genotype_population_sparse_methylation_elasticnet	test	159	34	34	0.45808368721727344	0.6771087455099579	0.655614973262032	0.028184465622065905	0.035553163732649024
20260609	metabolite__Norcinnamolaurine_E1	genotype_population_ridge	test	117	26	26	-0.11808025383345999	-0.0101386978506472	0.26153846153846155	5553070.8289243495	8093512.764674037
20260609	metabolite__Norcinnamolaurine_E1	genotype_population_gene_methylation_pca_ridge	test	117	26	26	-0.0799002688514645	0.11546759585973711	0.2793162393162393	5680867.153973722	7954124.636892688
20260609	metabolite__Norcinnamolaurine_E1	genotype_population_sparse_methylation_elasticnet	test	117	26	26	-0.0797347031711364	0.21303342282068521	0.42222222222222217	5581959.280690221	7953514.867372625
20260609	agri_aa_oil__Oil_C18_0	genotype_population_ridge	test	159	34	34	0.5248436274169561	0.7714905133635391	0.6012223071046601	0.025773495743821068	0.04303970848342881
20260609	agri_aa_oil__Oil_C18_0	genotype_population_gene_methylation_pca_ridge	test	159	34	34	0.6041249769364532	0.8540287902421253	0.5902215431627196	0.02281997483811145	0.03928530170835977
20260609	agri_aa_oil__Oil_C18_0	genotype_population_sparse_methylation_elasticnet	test	159	34	34	0.45167896503862826	0.6863016818253995	0.4499618029029794	0.03300127518712182	0.0462347480577211
20260609	agri_aa_oil__100grainweight	genotype_population_ridge	test	162	36	36	0.23687431068162634	0.5262595880105764	0.43722247339394765	1.8371787861031663	2.4184397504446387
20260609	agri_aa_oil__100grainweight	genotype_population_gene_methylation_pca_ridge	test	162	36	36	0.2833960391469499	0.538506245114153	0.51238818562888	1.8499049563390817	2.3435641064634245
20260609	agri_aa_oil__100grainweight	genotype_population_sparse_methylation_elasticnet	test	162	36	36	0.15487541381900993	0.4443331009595546	0.4016989518582604	1.8894360513982147	2.5450575299183016
20260609	metabolite__Pro_Leu_E1	genotype_population_ridge	test	117	26	26	-0.3505261931589432	-0.030563167584142993	-0.03316806340149801	305857.4130786411	398048.64035286236
20260609	metabolite__Pro_Leu_E1	genotype_population_gene_methylation_pca_ridge	test	117	26	26	-0.2191719621107855	0.022763885022673406	0.008890408746793282	278043.6723115499	378196.1663156645
20260609	metabolite__Pro_Leu_E1	genotype_population_sparse_methylation_elasticnet	test	117	26	26	-0.3055612149217537	0.15984685142798827	0.20516327877215265	305304.34391008725	391366.14897523896
20260609	agri_aa_oil__Plantheight	genotype_population_ridge	test	164	36	36	0.10886158376726507	0.35207494783254345	0.4244530244530245	14.036716770490514	17.968877695814342
20260609	agri_aa_oil__Plantheight	genotype_population_gene_methylation_pca_ridge	test	164	36	36	0.036201296311035525	0.26661474343303404	0.33075933075933084	14.86994727511687	18.687084032418987
20260609	agri_aa_oil__Plantheight	genotype_population_sparse_methylation_elasticnet	test	164	36	36	-0.271168796808285	0.13253463418765518	0.10965250965250965	18.055335939694114	21.46100133192407
20260609	agri_aa_oil__Oil_C200_C220	genotype_population_ridge	test	159	34	34	0.44301970566425686	0.682110155962639	0.4817417876241405	0.2692175338657967	0.3657437621320947
20260609	agri_aa_oil__Oil_C200_C220	genotype_population_gene_methylation_pca_ridge	test	159	34	34	0.49464845452259365	0.7279821780814095	0.43101604278074857	0.2756218132601457	0.3483804788591753
20260609	agri_aa_oil__Oil_C200_C220	genotype_population_sparse_methylation_elasticnet	test	159	34	34	0.437908891550597	0.6643427752324467	0.49396485867074097	0.2869793281158698	0.36741795055220144
20260609	agri_aa_oil__Oil_C16_1	genotype_population_ridge	test	159	34	34	0.06079695211140901	0.47782054410181013	0.34576012223071045	0.001577736668709733	0.0021621029224940655
20260609	agri_aa_oil__Oil_C16_1	genotype_population_gene_methylation_pca_ridge	test	159	34	34	0.25534424776053866	0.5542041486003075	0.43376623376623374	0.0013972186141952318	0.001925193521245862
20260609	agri_aa_oil__Oil_C16_1	genotype_population_sparse_methylation_elasticnet	test	159	34	34	0.22202868511387708	0.5331755775232373	0.44751718869365925	0.0013604270801278167	0.0019677884595006197
20260609	agri_aa_oil__Oil_C180_C200	genotype_population_ridge	test	159	34	34	0.15445990362773354	0.442268818482484	0.38915202444614205	0.44510229437675997	0.5535303089460442
20260609	agri_aa_oil__Oil_C180_C200	genotype_population_gene_methylation_pca_ridge	test	159	34	34	0.17277034158651872	0.4480741355138451	0.43621084797555376	0.4379880207952945	0.547504068473813
20260609	agri_aa_oil__Oil_C180_C200	genotype_population_sparse_methylation_elasticnet	test	159	34	34	-0.06977199879398177	0.4183463811144893	0.4157372039724981	0.5390669174307368	0.6226154816812023
