trait	trait_group	pearson__genotype_pca_population_ridge	pearson__genotype_pca_ridge	pearson__population_ridge	r2__genotype_pca_population_ridge	r2__genotype_pca_ridge	r2__mean_baseline	r2__population_ridge
agri_aa_oil__Oil_OIL	agri_aa_oil	0.924294437607209	0.9248291008095239	0.5086323682328454	0.8271520389356026	0.8300541866240254	-0.013843160147368527	0.24408113562872213
agri_aa_oil__Oil_C18_2	agri_aa_oil	0.8945415668877361	0.8958308671670855	0.5997692791856578	0.7932323891817094	0.7944477584846058	-0.012579845894435282	0.3251168608758339
agri_aa_oil__Oil_C18_1	agri_aa_oil	0.877589573446752	0.8867467994809028	0.3860216115471281	0.767657477681241	0.7551772964010457	-0.012259873438681845	0.1314076453245242
agri_aa_oil__Oil_C20_0	agri_aa_oil	0.8486652074153735	0.8540986154200004	0.5101887533530455	0.6952679368318753	0.7106384597448796	-0.0578079622223695	0.21869837074690623
agri_aa_oil__Oil_C20_1	agri_aa_oil	0.8375809682947283	0.8422448660096392	0.4867688233052183	0.7007746800096599	0.7092927018905213	-0.002122608409616644	0.22795247004804398
agri_aa_oil__Oil_C16_0	agri_aa_oil	0.8261322589379528	0.8299767321728122	0.4319368706569112	0.6777891208446669	0.6857995291855487	-0.004376579431851324	0.1819751710877322
agri_aa_oil__Oil_C18_0	agri_aa_oil	0.8126235791042038	0.8167272608396187	0.5301340062395081	0.5778280569391898	0.6003093664665243	-0.07243813511310249	0.22772665334016617
agri_aa_oil__kernellength	agri_aa_oil	0.7498388718773434	0.7341466871210814	0.619107056746317	0.509565376145118	0.5366209765392598	-0.000564093103845309	0.37938646269309995
agri_aa_oil__Oil_C16_1	agri_aa_oil	0.7445930472317249	0.7472883307339214	0.2372326299370003	0.5257291686345023	0.5364480256381852	-0.008819341507908973	0.030288404262399315
agri_aa_oil__Oil_C200_C220	agri_aa_oil	0.7434266133386487	0.7411894958921033	0.4469051750004338	0.5284105611142388	0.5240204648533051	-0.0281299682293632	0.17228854632052626
agri_aa_oil__Oil_C182_C183	agri_aa_oil	0.7429331431042852	0.7444999936664582	0.518206776505352	0.5205242172053608	0.5231276009045629	-0.029817460291366116	0.23057787766587912
agri_aa_oil__Oil_C18_3P	agri_aa_oil	0.6941523915257505	0.6970528973809287	0.2775751658135568	0.45195652970540623	0.45550010912404637	-0.06200512082250653	0.017435586621806665
metabolite__L_Threonine_E1	metabolite	0.6913502480326984	0.6643737581764417	0.3011938315976971	0.26282182003250476	0.22081274279881746	-0.2526402888067385	-0.1296046948994951
metabolite__L_Proline_E1	metabolite	0.6600080883624035	0.6043396113887464	0.5096217613331019	0.27057366646147496	0.2157108922502563	-0.0024933272436256093	0.11191063859296624
metabolite__Trigonelline_E1	metabolite	0.6577372712142149	0.6546020540227999	0.3948568898101983	0.2578615352120771	0.24543035756210807	-0.01494799751174547	0.045673026374907555
agri_aa_oil__Earlength	agri_aa_oil	0.6424643747940497	0.6365485358678276	0.27394984715383003	0.28738577513421903	0.2775767629243314	-0.0037074263540477492	-0.0013789618856436814
metabolite__Benzamidine_E1	metabolite	0.63721070129985	0.6432371508364665	0.38511673102464367	0.33815485094271003	0.31718623494537945	-0.002915813602847761	0.14457658000405194
agri_aa_oil__Oil_C16_0P	agri_aa_oil	0.6245024869813459	0.6046106505632948	0.4555332208756446	0.3476119471961622	0.3580257632294218	-0.03246552779986267	0.15883438397129812
agri_aa_oil__Oil_C22_0	agri_aa_oil	0.6216095504028424	0.6239729034467698	0.4196877461762517	0.3651089741885407	0.37476669157181874	-0.043969227149174506	0.14467847187548277
metabolite__Glu_Glu_E2	metabolite	0.6214574875901805	0.6769872517148832	0.06819211425717672	0.009843829619296973	0.009190265630691696	-0.012436755529223742	-0.01169220229421275
agri_aa_oil__Oil_SFA_USFA	agri_aa_oil	0.6072951694436046	0.5909627634581115	0.4544923050671793	0.33787489913440893	0.28695930569210404	-0.008565975877369292	0.18659459074390838
metabolite__Np_Npp_Feruloyl_caffeoyl_spermidine_derivative_E2	metabolite	0.6006843524234436	0.5599449062819731	0.5681044047898672	0.15627078663503202	0.023973322097081362	-0.0015035985933793405	0.28245826094766036
metabolite__5_Hydroxyindoleacetic_acid_E1	metabolite	0.600658397454373	0.5961297351944421	0.29755823821327354	0.2884331445344499	0.2674064871046681	-0.04143821706951645	-0.04151248586038481
metabolite__DIMBOA_glucoside_E1	metabolite	0.5994274568125647	0.6282950541947273	0.15799283145951332	0.13918877096603455	0.12539382348474315	-0.0007437606230942251	0.024278043135029903
agri_aa_oil__Oil_C18_1P	agri_aa_oil	0.5970206817229022	0.5989336690753077	0.20823951778373143	0.3493391999183041	0.3532172045045	-0.007574671927710996	0.013234235946928963
agri_aa_oil__Oil_C18_2P	agri_aa_oil	0.5958478952167248	0.6191740930805371	0.3322554730858176	0.3265250109272212	0.3782228420993937	-0.00220745658750765	0.10308135623741055
agri_aa_oil__Silkingtime	agri_aa_oil	0.5951184091899957	0.6570946850923038	0.3988491294022806	0.3519360141272877	0.428450895040803	-0.00022316300089197938	0.10418849644864925
metabolite__Pyroglutamic_acid_E1	metabolite	0.5913646073516078	0.5609334650444179	0.38663724629334734	0.08334850398348048	0.2378962814134904	-0.0275947657459521	-0.00043802197163755885
agri_aa_oil__Pollenshed	agri_aa_oil	0.5869225650721772	0.6406528970042389	0.4419947212490146	0.3443519376558154	0.40540496443414986	-0.0009277514315018109	0.14257276841404998
agri_aa_oil__Oil_C24_0P	agri_aa_oil	0.5789056445440119	0.5867638498961353	0.21356440234880444	0.30184456523344105	0.31046614290168095	-0.020665449293813642	-0.024122985999231128
metabolite__Coumaroylserotonin_E1	metabolite	0.563753439335103	0.5977726638800708	0.1726883172462642	0.3096967509061118	0.3569800904090241	-0.010672805507652816	-0.07552932815073143
metabolite__N_caffeoyl_O_hexoside_spermidine_E1	metabolite	0.5600398465032688	0.5778669336425432	0.4263492527748049	0.19158021475149423	0.17341443001191703	-0.07305980289468783	0.10829231288513785
metabolite__N1_N10_Dicoumaroylspermidine_E1	metabolite	0.5594355263034527	0.46334900607773516	0.46843795038773034	-0.05088602991687208	-0.07159217903784021	-0.11903911716449067	-0.11320499910314008
agri_aa_oil__Headingdate	agri_aa_oil	0.5582158089612339	0.5842752882297859	0.471041315223551	0.3066103023801259	0.3261432423288859	-0.0036533865870773674	0.17743058290588798
metabolite__Tryptamine_E1	metabolite	0.5534237861980783	0.6557713333979089	0.07330757333859492	0.10331678989451265	0.10360140945037954	-0.0061009131351703605	-0.010998941512593507
agri_aa_oil__Oil_C181_C182	agri_aa_oil	0.5521077843813205	0.5885245367551472	0.21571330897909965	0.2882918266511142	0.33969967035820536	-0.005714358268783748	0.03306534244749049
agri_aa_oil__Leafnumberaboveear	agri_aa_oil	0.5513138035959115	0.4960096937547841	0.5189633326445492	0.22686605101900947	0.15018561118501184	-0.10530605462910847	0.1811643717944449
agri_aa_oil__Oil_C16_1P	agri_aa_oil	0.5510428866480737	0.5709610432802403	0.22240984612993447	0.29132999157648987	0.29164592916922794	-0.007528011708102245	0.028332651535152298
metabolite__L_Aspartic_acid_E1	metabolite	0.5499336714419243	0.4769651957292594	0.2598223311051735	0.25650741206949357	0.20085900985113225	-4.3842328378618234e-05	0.03896969124273342
metabolite__Feruloyltryptamine_E1	metabolite	0.5456895823955218	0.534994640506135	0.3126548469088972	0.246162126038046	0.21964296303210573	-0.00019761881933311187	0.09157479886476827
metabolite__L_saccharopine_E1	metabolite	0.5411687918703045	0.5315338848900307	0.4218204139970295	0.06961521762448464	0.052118397272758576	-0.014497751128379255	0.08668932997366563
agri_aa_oil__Oil_C160_C180	agri_aa_oil	0.5396400091789009	0.5270204354581333	0.33173229277206595	0.21193151251322773	0.18365051662167053	-0.12008667461685296	0.00037309441760935425
metabolite__L_Tyrosine_E1	metabolite	0.5384424190302268	0.6156300385975347	0.37817712837551487	0.09845177047850429	0.08576931752955541	-0.013363113739977006	0.1401247830335005
metabolite__Chrysoeriol_O_rhamnosyl_O_hexoside_E2	metabolite	0.535835238730506	0.4868848870969338	0.4085049146814008	-0.32458543016512587	-0.2868127953659727	-0.10696762420162376	0.049702379584777856
metabolite__L_saccharopine_E2	metabolite	0.5318431938738678	0.5698629926968724	0.18163197750815926	0.03346891638193916	0.028068070020477953	-0.04089223426922928	-0.03849031926462376
metabolite__7_Oxo_11_dodecenoic_acid_E2	metabolite	0.528866837251156	0.4151894055193332	0.5049308294006349	-0.26290499686955093	-0.3234420260376196	-0.16722375081953667	0.02870194415042715
metabolite__N_coumaroyl_O_hexoside_spermidine_E1	metabolite	0.5249960746688095	0.4723877677708276	0.37346203818701607	-0.12306697333238037	-0.12890996451811887	-0.13965487419803524	-0.13347558109238467
agri_aa_oil__AA_Arg	agri_aa_oil	0.5240259833953493	0.42693266503983096	0.4875334998182241	0.27215322523224117	0.10734026149377862	-0.0035289813788612623	0.23444354947918788
metabolite__Tricin_O_rhamnosyl_O_hexoside_E2	metabolite	0.5170245524145747	0.4329178165548809	0.39017991889004017	-0.6649188840910478	-0.5389323660794281	-0.3250702826255032	-0.39899417516834057
agri_aa_oil__Oil_C22_0P	agri_aa_oil	0.5167613170368714	0.5314115989547393	0.20549866923851773	0.24784373252526615	0.27691584472939934	-0.0010437723433589507	0.014609841991995998
metabolite__Feruloyltryptamine_E2	metabolite	0.5156088361974572	0.4572333599049186	0.37441458904752856	0.22879630309479027	0.1525166485655326	-0.010322640230251645	0.1305042453490014
agri_aa_oil__Oil_C20_0P	agri_aa_oil	0.5144158262615192	0.5605030570491426	0.2435924192015761	0.22664236653630399	0.30344029161795416	-0.062297258570105374	-0.027625966432840654
metabolite__L_Arginine_E1	metabolite	0.5139110701032815	0.5015886445727835	0.3219489557612397	0.18602233434561966	0.17252026369315387	-0.009516726864889469	-0.026801505970949213
agri_aa_oil__Oil_C18_3	agri_aa_oil	0.5114993236534248	0.5406229121681004	0.07750300246803704	0.20238577995689588	0.21012523083565404	-0.015031660748819453	-0.013887877727066122
metabolite__Serotonin_E2	metabolite	0.5104726302955711	0.4785478532511582	0.38374654813438225	0.1379401244637356	0.12639448585729685	-0.00853247268826407	0.1123267178363222
metabolite__Naringenin_derivative_E1	metabolite	0.5099639122518095	0.4911696718034789	0.39017199427207927	-0.08232439643255529	-0.15916868124088301	-0.4929359510092899	-0.8768245701124697
metabolite__N_Coumaroyltryptamine_E2	metabolite	0.5002835465008953	0.4867124607608369	0.37504980501321716	0.12439298675884813	0.056100580377089204	-0.0018840659653907021	0.13683109790195513
metabolite__Acetosyringone_E2	metabolite	0.4969894861238531	0.5287627401438907	0.16866897201798609	-0.48163140876968136	-0.48954028850153897	-0.5223896060374567	-0.5144026961188541
metabolite__L_Phenylalanine_E1	metabolite	0.4967203951388808	0.4726136645321033	0.34637347269067476	0.1081611048751473	0.07322547334599683	-0.0038243525722403415	0.10978398908203957
metabolite__Malvidin_3_O_hexoside_E2	metabolite	0.4920061121429363	0.45929090001265543	0.43809098284791187	0.2048860357874237	0.16149609876021986	-0.08143649365308514	0.13143122627373416
metabolite__L_Isoleucine_E1	metabolite	0.4879533947471341	0.4542563473913791	0.42670483896800543	0.2257088324357629	0.1915568341744729	-0.0016329042349090273	0.1739343304770249
agri_aa_oil__Earleaflength	agri_aa_oil	0.48628331547746323	0.45872154733208453	0.44298973731801866	0.2335130709253488	0.13873332274357064	-0.001286872532094474	0.19320979058116294
metabolite__Glutamine_E1	metabolite	0.4858622698133606	0.5482604033262959	0.163529728537003	0.10314984341010225	0.22275681271442738	-0.0004133159705852485	0.005038128719154877
metabolite__9_Oxo_12_octadecenoic_acid_E2	metabolite	0.48556026874577896	0.3781468068539465	0.5401714333313543	0.19555227217143822	0.11766127872706256	-0.04069407054732177	0.2687873010253682
metabolite__L_Aspartic_acid_E2	metabolite	0.48456524273220397	0.4859530805603969	0.28661519028935445	0.22165296444508997	0.21563340682313115	-0.015549425826566043	0.06541227594037946
metabolite__L_Leucine_E1	metabolite	0.48364955789445724	0.4609854185306575	0.43987945841071957	0.22772698429947835	0.20637463921187027	-0.006814885859864894	0.18652560082911052
agri_aa_oil__Tasselmainaxislength	agri_aa_oil	0.48263362834260015	0.49272390009855305	0.2872492841430748	0.22658630094592735	0.22862020882773038	-0.0018030699881772527	0.08036803372033052
agri_aa_oil__Plantheight	agri_aa_oil	0.4809312713878985	0.47646397640304183	0.4048873310431766	0.18199353486190784	0.18175338985120826	-0.001156742076920514	0.1506213564931066
agri_aa_oil__Kernernumberperrow	agri_aa_oil	0.4808824999409242	0.4499026663468165	0.39006188631526517	0.20512413827155906	0.16906950900242446	-0.015327767288158434	0.10599758404928838
agri_aa_oil__100grainweight	agri_aa_oil	0.47976516798323976	0.4584224869042407	0.3005660828826259	0.17480286384061205	0.15901095486203365	-0.0013137934527023276	0.044406527850627375
metabolite__L_Lysine_E1	metabolite	0.47802158498164793	0.4453230472103672	0.46913311868788016	0.0845464796338341	0.07305961562334329	-0.053662107303371176	0.18526832193632026
metabolite__Thiamin_E1	metabolite	0.4775452191883505	0.19565064596184167	0.6661698058298533	0.22723156597952932	0.02529721151909825	-0.0014310625569531332	0.3754858115933455
agri_aa_oil__Earheight	agri_aa_oil	0.47684212445471663	0.47948212143486424	0.20169342904260196	0.19431230003863653	0.1880771128151515	-0.04954476748538639	-0.027377977326374925
metabolite__L_Pipecolate_E1	metabolite	0.4754406087191733	0.4506668105999221	0.20414847156730404	0.013538581537576366	-0.01427627219896177	-0.12172965526868329	-0.09836329052660053
metabolite__3p_4p_5p_Tricetin_O_rhamnosyl_O_hexoside_E2	metabolite	0.47400009576519553	0.41322111448006626	0.3350208955799973	0.17639876964078405	0.13021780818365758	-0.03623407466015194	0.06545396169355
agri_aa_oil__Oil_C220_C240	agri_aa_oil	0.47308994570869367	0.4574147964218938	0.24830477184029845	0.16174259084917353	0.1479825203980406	-0.09828886747499266	-0.07951672015635691
agri_aa_oil__Oil_C24_0	agri_aa_oil	0.47076849842374985	0.48013859274183024	0.2632388886081153	0.10736250192374452	0.13649574371626783	-0.0003172785309499826	0.036324658790583775
metabolite__Chrysoeriol_C_hexosyl_O_rhamnoside_E2	metabolite	0.4677025465150311	0.2828362023705736	0.43232027400952583	0.18046558973691496	0.045389259928789616	-0.009563671446454647	0.029933638574063393
metabolite__N_caffeoyl_O_hexoside_spermidine_E2	metabolite	0.46712707993862407	0.42497736168558675	0.32414704502499864	0.04890078138105558	-0.02228799020986405	-0.035397267310113945	0.06624550197004953
metabolite__Apigenin_C_hexosyl_C_pentoside_E1	metabolite	0.46310740129502576	0.21453397750066783	0.45923127160685717	-1.5492638754457708	-1.5141942378448614	-1.8572271979554809	-7.042555023477037
metabolite__N_Coumaroyl_spermidine_derivative_E2	metabolite	0.4603440153602782	0.47028534417875384	-0.036909431755901896	0.1168479989407899	0.11572386752078379	-0.0006107625518954052	-0.02325316281030254
metabolite__Nalidixic_acid_E2	metabolite	0.46001252945905396	0.44166046481316396	0.07193177537140265	0.21077433460416373	0.19447679052588518	-0.04520588166167827	-0.041918284675182216
metabolite__Lehmbachol_A_E2	metabolite	0.45940490880070534	0.4257958530290457	0.30510174470485174	-0.017994842538357148	-0.025501167971952787	-0.03869704017476705	-0.030881731780287636
metabolite__Carpacin_E1	metabolite	0.4583887937411567	0.32987421204459044	0.4119135297169816	0.11865069034560005	0.05197770515737965	-0.0006424916740770392	0.14438069742683313
metabolite__Elaeokanine_C_E2	metabolite	0.4488053259492698	0.3686843737960256	0.2874045562266728	-0.9459784682733408	-0.9616033675018438	-1.003841964747719	-1.2745534082970784
metabolite__LPC1_acyl_18_3_2_E2	metabolite	0.447996655070753	0.37934919641061804	0.4425639107737103	0.19885013147423103	0.13223353554858053	-0.004845503073140911	0.19331902939641388
metabolite__Asparagine_E1	metabolite	0.4479108337571654	0.35143341148955126	0.5670111509483592	0.0427605926106277	-0.012539815948946709	-0.12428089528222142	0.010512538400307414
metabolite__L_Serine_E1	metabolite	0.4459214438126192	0.46899792017345704	0.1504784546031389	0.03004258449636299	0.02193108373146302	-0.05727321152300968	-0.04316957683410805
metabolite__Crotonoside_E2	metabolite	0.4399492814556922	0.31758876764073973	0.4902861248781596	0.14753842059618238	0.08942432787419252	-0.029515327559410665	0.23142579294275423
agri_aa_oil__AA_His	agri_aa_oil	0.43878648251667984	0.3975074568835588	0.38799223891812845	0.1861943829613394	0.15299752506220377	-0.0038097974103561416	0.128549786280184
agri_aa_oil__Earleafwidth	agri_aa_oil	0.4353275152957953	0.4064809588199343	0.3815107795152457	0.17093281152572437	0.14598268686764426	-0.017483897552772243	0.1097580043309585
metabolite__Phenylpyruvic_acid_E2	metabolite	0.4329800472269399	0.42725462968330125	0.32159300114809675	0.1442485360565412	0.12996279993718962	-0.015674210749029527	0.07576930918585256
metabolite__N_acetylneuraminic_acid_E2	metabolite	0.4322374366418604	0.3824428467803306	0.30673017035794475	-0.001913749165422196	-0.006744467031262191	-0.024550249277342617	-0.019696450949692634
metabolite__O_Acetyl_L_serine_E1	metabolite	0.4295619770080225	0.49128940668032184	0.1550107198944306	0.06509682230809555	0.19393790681257161	-0.03340222870241272	-0.02004824610493494
metabolite__Feruloylserotonin_E1	metabolite	0.4284176224842509	0.41459771176576365	0.32830841651760195	0.17688423139681153	0.16084545582158283	-0.0015871683400645598	0.10157742399103187
metabolite__LPC1_acyl_18_2_2_E1	metabolite	0.4274066945026232	0.3724385156612297	0.321883787817266	0.050752462572459356	0.038993248359627475	-0.004080135571248533	-0.00044140681601434473
metabolite__Apigenin_C_hexosyl_C_pentoside_E2	metabolite	0.4270344211766861	0.1876586454528848	0.5097911472022989	-0.2941887698005139	-0.40069014676271064	-0.6087405438605635	-1.5348373129706583
metabolite__Ethyl_syringate_E2	metabolite	0.42550308764541195	0.3788463297748678	0.3681558552875784	0.12506785058371217	0.11249062732562276	-5.764438838640196e-05	0.1311183841899627
metabolite__Phenylpyruvic_acid_E1	metabolite	0.4211339574700579	0.4515926824826027	0.29717866551896904	0.17433606575610172	0.06704063226434853	-0.005882136589975051	0.050073561303143665
metabolite__Norcinnamolaurine_E2	metabolite	0.4191192999190163	0.4139439961550495	0.37401593432739766	0.13062077310531783	0.05874711820009981	-0.003370416653381003	0.13839868382822418
metabolite__Uracil_E1	metabolite	0.4146086533554927	0.4182078703464839	0.4422729332146262	0.13156024490151708	0.14315995289515093	-0.08352584685042008	0.11882601657037695
agri_aa_oil__Tasselbranchnumber	agri_aa_oil	0.41310489756458857	0.35700078839466437	0.422223707666591	0.14500503962169697	0.0053583739399747365	-0.018581772095476845	0.15785017698480008
agri_aa_oil__Oil_C18_0P	agri_aa_oil	0.4128617705364998	0.3617399300511093	0.34421938717904843	0.0965308756040596	0.05614945409339667	-0.11965561633504196	0.0017252401748130142
metabolite__Guanosine_E2	metabolite	0.4108817667409597	0.289369889103381	0.4424461103930841	0.10875974482443429	0.06046763557535895	-0.04617066441066675	0.17832353818739521
metabolite__IAA_E1	metabolite	0.41039077763103093	0.40296512887854197	0.1732916981034354	0.05949716824897788	0.05083754069804125	-0.0001258625519722223	0.0029631090761064183
agri_aa_oil__Oil_C200_C201	agri_aa_oil	0.4101701749077541	0.44375247177532257	0.06785549712465903	0.07349505707657122	0.09505504443280066	-0.14714191878633676	-0.1868906423720007
metabolite__Chrysoeriol_O_hexoside_E2	metabolite	0.4094212648456445	0.35861896029133367	0.30290311181304036	0.11078324195519806	0.060740454537963395	-0.022883996711166255	0.06836904855974557
metabolite__Coumaroylserotonin_E2	metabolite	0.4065378101892837	0.36648568456460356	0.38580398018625206	0.0916176688321566	0.1061314992569562	-0.006718581878853103	0.14415871032485683
agri_aa_oil__AA_Phe	agri_aa_oil	0.4041307960176395	0.4056201477486858	0.13368451460951833	0.13941275501477612	0.1348827545919261	-0.008733671778880847	0.009256124574053226
metabolite__N_Coumaroyl_spermidine_derivative_E1	metabolite	0.40381478955362926	0.5055076498385301	0.011634891970443682	0.007243599402887102	0.03347040887144037	-5.038063139806148e-05	-0.027303863052475563
agri_aa_oil__Oil_C20_1P	agri_aa_oil	0.40003194128976527	0.3767222668636557	0.2031767170993497	0.14203895757793483	0.12403157357133743	-0.011837203823338749	0.02554822310645677
metabolite__LPC1_acyl_18_3_1_E2	metabolite	0.399249119400889	0.3354750365466177	0.4113626878177219	0.1498193647671927	0.10634377316756483	-0.014493696751157081	0.1647360809875732
metabolite__N_Coumaroylagmatine_E2	metabolite	0.3984145623630704	0.23209149178298927	0.4475814473981697	0.0883690144289222	0.048175165805000475	-0.0019442511915297445	0.1706771627700383
metabolite__Pro_Leu_E1	metabolite	0.3966186876168395	0.4566338775230896	0.1449351177898039	0.11215100059235361	0.18232559665826764	-0.04568731814020466	-0.08139828290909645
agri_aa_oil__cobweight	agri_aa_oil	0.39554152394834663	0.4002242234437048	0.25202643004648834	0.09258137623992335	0.11007317043877096	-0.003018836995817731	0.05848898004370684
metabolite__Indole_3_carboxyaldehyde_E1	metabolite	0.39277520201659466	0.42322983436178274	0.1021860175350834	0.10774611334148065	0.1156365046509944	-0.020625258925654366	-0.018610374930145834
metabolite__Linolenic_acid_E2	metabolite	0.39260135248243777	0.33384838759584357	0.4162306357460791	0.13361225682867173	0.10994573043630906	-0.004073748508197417	0.16338192658075723
metabolite__LPC1_acyl_18_3_1_E1	metabolite	0.39168508604206465	0.32740654740359854	0.4694596709844665	0.12212384627976358	0.08225957466705591	-0.007311234954813894	0.1252309004007197
metabolite__N_Feruloylputrescine_E2	metabolite	0.3901344353888637	0.331394996492787	0.3901824536866458	0.09603819109549072	0.042798344124728716	-4.407677549611577e-07	0.13129995490581514
metabolite__Ferulic_acid_E2	metabolite	0.3891587652952696	0.3122778231771929	0.3477684704127067	0.057652481290100255	0.008724219683032497	-0.026050903303635575	0.0751516538902347
metabolite__LPC1_acyl_20_4_E1	metabolite	0.38804952541658	0.31895095925547484	0.3587825932562956	0.06831417581362687	0.09003994851528607	-0.0031392489617361186	0.11161743789299405
metabolite__Dicoumaroylputrescine_E2	metabolite	0.38715246670294545	0.4255347325677943	0.3110478860581376	0.08007380009279252	0.1463089051347498	-0.005402347397272633	0.07686390806375176
agri_aa_oil__AA_Asp	agri_aa_oil	0.3869909985270506	0.3793449196071912	0.22955372029484727	0.14463328898382832	0.13387062985276044	-0.0017170223137654705	0.05033870814086061
metabolite__LPC1_acyl_16_0_2_E1	metabolite	0.3852997384521042	0.3138217482022598	0.4527884878187897	0.051677101890250765	0.015449161746772466	-0.038943748923271126	0.0770154006147673
metabolite__N_Feruloylputrescine_E1	metabolite	0.3819072443021517	0.348469518747851	0.39715892006015047	0.06632811536959726	0.03345209424771578	-0.13207627726505033	0.01791282494517421
metabolite__L_Tryptophan_E1	metabolite	0.3764017582382389	0.12886090375335568	0.4297583658636236	0.008966946176501178	-0.08831549646559078	-0.06192382537439722	0.07100403722772719
metabolite__Lincomycin_E1	metabolite	0.3754152785611103	0.12813491394672694	0.41676529725556327	0.003283485019454857	-0.00960039064409468	-0.012342656613721692	0.07769798360604929
metabolite__Feruloylagmatine_derivative_E2	metabolite	0.37504032320487346	0.19810208472681762	0.4100844971563241	0.07801197805644311	0.01972225341472522	-0.00013639715401558838	0.12525387996986515
agri_aa_oil__AA_Leu	agri_aa_oil	0.370540740047284	0.3841847529541638	0.010613120115012292	0.11554110034304266	0.12176363490112163	-0.0164340137133967	-0.016322957304334862
agri_aa_oil__AA_Thr	agri_aa_oil	0.36880293070668874	0.3666829104567527	0.1924417034076571	0.1216270474997233	0.11590527627017289	-0.005574918074974677	0.03123072788361725
metabolite__Scopoletin_E1	metabolite	0.36845115129224937	0.30690549047372656	0.31772161499605156	0.053542052423700914	0.03742349308356052	-0.0022823557233948577	0.08411499775130937
metabolite__N_N_caffeoyl_Feruloyl_spermidine_derivative_E2	metabolite	0.36803095498316757	0.4092000009500966	0.31874657812962065	0.0266932504166707	0.02140622441029838	-0.002886253650044468	0.09367502512150294
agri_aa_oil__AA_Lys	agri_aa_oil	0.36437268181272947	0.2904001891921862	0.3656031853870854	0.12408321937062161	0.07607058081777507	-0.001378694400618663	0.13090369847121164
metabolite__N_feruloyl_O_hexoside_spermidine_E2	metabolite	0.36404746977516433	0.2931508078631481	0.3035325978036371	0.05688409788679549	0.007208835471995023	-1.9526998226382375e-05	0.06434747626807735
metabolite__Apigenin_C_pentosyl_O_coumaroylhexoside_E2	metabolite	0.36291419187404156	0.3487312810890294	0.14209095144610678	-0.8945729103771096	-0.7863698515567672	-0.4268894682833255	-0.9589818331531057
metabolite__Gibberellin_A4_E1	metabolite	0.35992044490647696	0.3997587677404648	0.08445761787208791	-0.005746105389326628	-0.004722212142952875	-0.10520540673566026	-0.18922921977503737
metabolite__Caffeoyltryptamine_E2	metabolite	0.359215439512758	0.18522898409738173	0.31130598242959107	0.0526417671802627	0.030817620663223688	-0.013014869316604116	0.07374093082149458
agri_aa_oil__AA_Ile	agri_aa_oil	0.3570318218945836	0.3580505223389463	0.14081534426548342	0.11243435449198214	0.11083976688305253	-0.008552696793668435	0.00401253255368117
metabolite__Uracil_E2	metabolite	0.3568538339127023	0.2463930014202035	0.2923324463645736	-0.24907974812602052	-0.2928194918507214	-0.37141589618153126	-0.3232430035165217
metabolite__N_Coumaroyltryptamine_E1	metabolite	0.3543900591029916	0.3787820289152201	0.1307887893513022	0.12180163833719637	0.13144892711927525	-0.0013966705741010887	-0.03492739725808547
metabolite__Gluconolactone_E2	metabolite	0.35418448648263395	0.3546546973469617	0.33811644517215267	0.10829258736168157	0.11640953337400683	-0.04173877500831025	0.08066114340483566
agri_aa_oil__AA_Pro	agri_aa_oil	0.35353661749014736	0.3505723893164757	0.19021055670035927	0.12147942503608933	0.1187810557238721	-0.00022404030124145713	0.034269699050045954
metabolite__Norcinnamolaurine_E1	metabolite	0.35339602055249286	0.28671287119043476	0.3236040236116161	0.10938467103086857	0.07568620436369922	-0.03782840425821954	0.06829145368495104
metabolite__L_Valine_E1	metabolite	0.35206356853089993	0.30096691803355874	0.3054764426890035	0.12027940443550844	0.08622933758222928	-0.012323439921500423	0.0806653394315936
metabolite__Pyridoxate_1_E1	metabolite	0.35190868208255166	0.25004785389262474	0.4416799587240283	0.10154327511262262	0.03963321703976175	-0.021325034807188503	0.14662779754480115
metabolite__Cyanidin_3_O_glucoside_E2	metabolite	0.35073679522904144	0.3382656684684	0.24684388412479874	0.06556374618527949	0.014085602458170143	-0.04547001613409707	0.027859630497131693
metabolite__Hesperetin_E1	metabolite	0.34797803151035384	0.3102698675525708	0.2693104971563775	-1.2892809056071228	-1.492630463361221	-0.18319375774472313	-0.2847797077226355
agri_aa_oil__Oil_C180_C200	agri_aa_oil	0.34504886584773886	0.3123706697445303	0.276361514676625	0.09737422242745908	0.07986287923598356	-0.01757448089708169	0.059592153215989874
metabolite__Tricin_O_pentosyl_O_hexoside_E2	metabolite	0.34376509175570447	0.22842263580979846	0.2933561867690919	-1.674179315388423	-1.6527102907158544	-1.1622064292778171	-1.7292346001246073
metabolite__2pp_6pp_O_Diacetyloninin_E2	metabolite	0.34259298225505974	0.3219170434581788	0.18959430229136526	0.035961302151407804	0.03005313854129832	-0.002189157939936237	-0.0004874956970954969
metabolite__Modiolin_E1	metabolite	0.34211698195314055	0.31021403045275286	0.2832894820323688	0.02053714234007331	-0.05148089690549673	-0.06355545329620393	-0.016120903992209
metabolite__LPC1_acyl_18_2_1_E1	metabolite	0.3418405177599165	0.3701767855320445	0.08358761613729568	-0.016622624134290387	0.0576955440766308	-0.04981033750287844	-0.049099291537080036
metabolite__Pyridoxine_E1	metabolite	0.3373671755669731	0.35771437467932776	0.17185099237991075	-0.013477635067710159	0.00767987769305345	-0.1914733800392121	-0.2844246447728156
agri_aa_oil__AA_Ser	agri_aa_oil	0.3353363400789928	0.32604641341627244	0.15916748700579084	0.08828695627864347	0.07982100651861523	-0.016331555237494744	0.008961657658879574
metabolite__2pp_6pp_O_Diacetyloninin_E1	metabolite	0.3335458410136778	0.3672004507469174	0.16486334666847705	0.11007019886324965	0.12998074052252873	-0.002233420823682275	0.010352208377448657
metabolite__Chrysoeriol_di_O_hexoside_E2	metabolite	0.33261513066769766	0.27563296937741016	0.31315695481493955	0.03908879062787329	-0.0027107230210918765	-0.009735071826967756	0.037196498133125755
agri_aa_oil__Kernelthickness	agri_aa_oil	0.33218175373543324	0.29841516896978265	0.24957751391991723	0.10578082694431568	0.08545003284558839	-0.0005918183965551993	0.051536820049972065
metabolite__L_Proline_E2	metabolite	0.3315091276891318	0.3475629969356696	0.16951422465861288	0.06500841717116079	0.11158751713554682	-0.009778163661418926	-0.00520900563852944
metabolite__Quercetin_E1	metabolite	0.33131392508373664	0.34937681038711904	0.07214697569509888	-1.4438521382673235	-1.2826222345551548	-0.3467551260799362	-1.6773767149381564
metabolite__N_Feruloyl_N_methoxyagmatine_E2	metabolite	0.33126068152715205	0.2755933390594191	0.33968746387709414	0.09969429295666143	0.06878348217115415	-0.004280028442209316	0.08300567194085684
metabolite__Sphinganine_E2	metabolite	0.3304155614621812	0.15301155050003493	0.29084823078605687	0.04429970407253003	-0.00837747177241277	-0.02894682277392091	0.06072737499469971
metabolite__3_2_Hydroxyethyl_4_methyl_1_2_3_4_pentanetetrol_E2	metabolite	0.32003899805213376	0.329792757404446	0.08516169481083499	-0.6759598170108823	-0.6070342730190816	-0.46129943087032	-0.4357612346872195
metabolite__Acetosyringone_E1	metabolite	0.31988358900048525	0.28570702609861465	0.186137132157035	-0.13790198281713106	-0.12302839522174591	-0.22514543655524744	-0.22028353804940748
metabolite__L_Glutamic_acid_E1	metabolite	0.31951575643578245	0.40021463633974286	-0.010627123558634974	0.05850273024828023	0.06842135869942478	-0.003736024527044579	-0.013844208332970398
metabolite__Glutathione_E1	metabolite	0.3194779134555103	0.28197161835123485	0.27373076576192434	0.03785689022405603	0.03645943207711877	-0.013563760668662272	0.0046857068943240154
metabolite__LPC1_acyl_16_0_1_E1	metabolite	0.3185557426191126	0.2667387269654203	0.22582677374289975	0.029173620453814886	0.02003280602378288	-0.008141965074456081	0.03259062575965688
metabolite__Malvidin_di_O_hexoside_E2	metabolite	0.31749670987374534	0.31719479105758386	0.18377507834193807	0.04290094828956614	0.07840431024627104	-0.018393743785312777	-0.014032801307934717
metabolite__L_Methionine_E2	metabolite	0.3139207574540352	0.37055530793367636	0.06774449991416585	0.026395213480674973	0.0258659310995758	-0.0005319966487260519	0.003875689851405073
agri_aa_oil__Eardiameter	agri_aa_oil	0.309942807999383	0.32884153332062266	0.19626443087517664	0.09428894869371396	0.10336205310631752	-0.0006678705614298064	0.027378228926852377
metabolite__LPC1_acyl_18_0_E2	metabolite	0.3092858151429043	0.169006312469325	0.3921032284470526	0.0628255092977098	0.007028359821788177	-0.014474844678511234	0.13592342795943024
metabolite__LPC1_acyl_16_1_2_E2	metabolite	0.30730238827692924	0.2999554732283505	0.18774605271673273	-0.7097082908411165	-0.5975219926723465	-0.25446763875970246	-0.4299839749925376
metabolite__L_Arginine_E2	metabolite	0.3028210694907821	0.28974800588028143	0.28434715708539354	0.05072728555683792	0.057397122068731043	-0.011370044197849039	0.07324523552306517
metabolite__5_Hydroxyindoleacetic_acid_E2	metabolite	0.29960313219734014	0.24614084932758196	0.16276539633002554	-0.07371507673742017	-0.0821184190371933	-0.128452384811248	-0.12637814651533708
agri_aa_oil__AA_Gly	agri_aa_oil	0.2995904603735672	0.23262990136293554	0.28343650181477575	0.06869508754319575	-0.1994369022560405	-0.0036434927995141475	0.06788588775842463
metabolite__5_Methylthioadenosine_E2	metabolite	0.29718457613612714	0.30501457121472897	0.03766556323504121	0.07806304920421647	0.0750673218271587	-0.00039612631737484527	0.00030382520336957874
metabolite__Glycerol_1_tetradecanoate_3_phosphocholine_E2	metabolite	0.2956444886077085	0.2657349088613601	0.1952475227596898	0.02151972650985745	-0.0026784406513606918	-0.025181632566661394	0.0029883971332680392
agri_aa_oil__AA_NH3	agri_aa_oil	0.2922166544886237	0.07498398093657033	0.3902244735294727	0.05604508255019125	-0.006145694478645547	-0.011710808170389608	0.11213411050748923
metabolite__Apigenin_7_O_glucoside_E2	metabolite	0.29160651309821306	0.3328734859657402	0.1291447971633605	-0.35533541993423223	-0.3260038168636843	-0.582780417747423	-1.2678240330740311
metabolite__Zeanoside_B_E2	metabolite	0.2858720700589892	0.33006844120101	0.14870826849581853	0.05896897343451324	0.04870638123611448	-0.00014276400879120743	0.018989218184062184
metabolite__N_N_Di_coumaroyl_N_feruloylspermidine_E1	metabolite	0.28568152816234144	0.2318622102778889	0.27394506313281164	0.03892532834822471	0.019617879244320346	-0.006555325666817602	0.01866920277192108
metabolite__LPC1_acyl_15_0_1_E2	metabolite	0.2856344073191972	0.22495285147518457	0.23069232190609998	0.05341884623533544	0.010759026104505298	-0.020692744441433986	0.027296408333131184
agri_aa_oil__AA_Tyr	agri_aa_oil	0.2844485796331174	0.3270828977973897	-0.032244623795431415	0.06789422562304093	0.0929643761991793	-0.005074525398557128	-0.027132029601402596
agri_aa_oil__Cobdiameter	agri_aa_oil	0.28165353270465837	0.3054826479725045	0.12973268874344968	0.07564561212833276	0.09318681373964843	-2.4523948503940574e-05	0.011904897862146768
metabolite__Adenylic_acid_E1	metabolite	0.28046030579755926	0.24979680839065005	0.19830672145567474	0.04086103859047974	0.02852563894106619	-0.0008055992403419587	0.016948045657138366
agri_aa_oil__Oil_C160_C161	agri_aa_oil	0.280222305698797	0.3129617501835157	-0.061862190021358766	0.06912845273764878	0.09593383562236224	-3.850051075282579e-06	-0.08432127429330083
agri_aa_oil__Oil_C180_C181	agri_aa_oil	0.27732386357534566	0.27656438723429855	0.06472549529969394	0.058481020105913495	0.0583253877688682	-0.014524066905523547	-0.014056996153331003
metabolite__Glycerol_1_tetradecanoate_3_phosphocholine_E1	metabolite	0.27726729601756545	0.18598820256976872	0.28817652016157297	-0.01151845163105314	-0.02801295067171994	-0.04611543168431109	0.011957906470723922
metabolite__LPC1_acyl_18_3_2_E1	metabolite	0.2771702759810814	0.1842341197138523	0.42546200470577683	0.01636320922269896	-0.02772556421652972	-0.041205260567140245	0.08882788469626801
agri_aa_oil__AA_Glu	agri_aa_oil	0.27698105563180037	0.2988806600155107	-0.07174604283985463	0.06111728413677964	0.07281075508502688	-0.014466206883815946	-0.015564666986509712
metabolite__Crotonoside_E1	metabolite	0.2760171425449558	0.25033199467301553	0.35453890328699367	-0.14369230900055951	-0.09100365168400915	-0.1928853999823088	-0.073168106538118
metabolite__Vanillin_E1	metabolite	0.2714048569825984	0.4070376005616485	0.11592293409441454	0.031639873014023934	0.03331328402696454	-0.017978991909452624	-0.0018740553313738584
metabolite__Caffeic_acid_derivative_E2	metabolite	0.2710820758244579	0.28774384366169453	0.10633729224453452	-0.014001601368562655	-0.014997030800924849	-0.020049681413168763	-0.01899907149465152
metabolite__Bufotenine_O_glucoside_E2	metabolite	0.2686464808255285	0.2680213010707035	0.11115194956631178	0.033692000166664626	-0.016569399675152585	-0.030396304604508817	-0.014746397341408812
agri_aa_oil__AA_Val	agri_aa_oil	0.26586625414844867	0.2294137293312145	0.22235504834947678	0.04375623802520001	0.030991300523896093	-0.0037496856865861794	0.0449828948746106
metabolite__Feruloylserotonin_E2	metabolite	0.265492200176698	0.24566379806218333	0.1888017775689765	-0.028850588506226904	-0.09298781255316335	-0.10558893730021834	-0.060188709778505434
metabolite__Ferulic_acid_derivative_E1	metabolite	0.2624725232370551	0.1906068764883147	0.2085804287886178	0.049307135653535616	0.020536965399054252	-5.548654439802014e-05	0.011631529224410464
metabolite__N_N_caffeoyl_Feruloyl_spermidine_derivative_E1	metabolite	0.26245981353158104	0.3194705641399013	0.11571189780901785	0.02631913651576634	0.02623459779854387	-0.03131563220297506	-0.048551186126657875
metabolite__N1_N10_Diferuloylspermidine_E2	metabolite	0.2609642697909404	0.1738696474861389	0.2438800795506446	0.015292674257168959	-0.02752494769210978	-0.03235238572707	0.020943045821128048
agri_aa_oil__Earrownumber	agri_aa_oil	0.2592002092565687	0.26580573020624215	0.15923176541072584	-0.08547678327817398	-0.03076631013721154	-0.07407961392155626	-0.10934537151673207
metabolite__12_Hydroxy_6_epi_albrassitriol_E2	metabolite	0.2552794060306801	0.1455647071821806	0.2241916191262442	0.054988320464498086	0.0031368681834423873	-0.0004041338079838752	0.04928709274334153
metabolite__Halaminol_A_E1	metabolite	0.2548020145262775	0.3822112568249259	-0.02134396554249808	-0.010947604410163292	0.0003002735798186551	-0.05408422214953479	-0.06316389771353048
metabolite__LPC1_acyl_20_4_E2	metabolite	0.254439057646618	0.09714949562242749	0.37256994150096	-0.0023990936422710885	-0.052662141988106814	-0.01792386321050987	0.11229047600806896
metabolite__Diferuloylputrescine_E2	metabolite	0.2540445909574949	0.29776204919234117	0.03651051736246823	-0.1610884926750944	-0.07132363117930973	-0.12224806089855278	-0.16887399502211187
metabolite__N_Coumaroylspermidine_E1	metabolite	0.24721417555046443	0.22849309455180652	0.21889176217633105	-0.05541906533532992	-0.0661048286091015	-0.12522305090497787	-0.10298819632719547
metabolite__Guanosine_E1	metabolite	0.24618095996141492	0.017647588648268746	0.31378783494297235	0.045146628221672924	-0.0115300056293004	-0.01366874777097582	0.09273023038534389
agri_aa_oil__AA_total	agri_aa_oil	0.245861647486833	0.2579849992346983	-0.0050022059552456205	0.0485035204952633	0.056325025533698	-0.005740232703950854	-0.008023004364048125
metabolite__Np_Npp_Feruloyl_caffeoyl_spermidine_derivative_E1	metabolite	0.23135863742279666	0.21521739716015115	0.18496658597567148	-0.006515454441420987	-0.011742454640556454	-0.05665888298248656	-0.06408372033858112
metabolite__N2_N2_Dimethylguanosine_E2	metabolite	0.23035902535131367	0.2164366276155047	0.3332813394258723	-0.0019172035705303792	0.026625656128552277	-0.01891853852674097	0.09448596979389268
metabolite__C_pentosyl_apigenin_O_caffeoylhexoside_E2	metabolite	0.22894457548170954	0.17405373045435504	0.15774500283618872	-2.0577927071577133	-1.891584778286577	-0.8122839684978154	-1.6278202943926057
metabolite__Ferulic_acid_E1	metabolite	0.22703277101638633	0.2917194159139929	0.11874531110823555	0.02655989443582696	0.017452325949540715	-0.024568949085901126	-0.006569428278796918
metabolite__Dicoumaroylputrescine_E1	metabolite	0.22653057298070794	0.16299618765278004	0.3109192464601917	-0.005827866198689913	-0.015167142728037541	-0.019831369038834312	0.08331687038544744
metabolite__LPC1_acyl_15_0_2_E2	metabolite	0.22652592014496759	0.08679864951606504	0.13165383840315625	0.03039805774133897	-0.004264637497770396	-0.013292257853568357	-0.007884220285512722
metabolite__L_Carnitine_E1	metabolite	0.22569086037209496	0.14713646246755338	0.24262518753502296	0.04927172678885061	0.002158051951768769	-0.0001950292584811386	0.033917760486385395
metabolite__Nicotinic_Acid_E1	metabolite	0.2211024261409508	0.23245762713655507	0.17225917626104909	0.03444512291152779	0.051978188937980674	-0.019290012908480092	0.009729618126985584
metabolite__2_Amino_1_3_4_hexadecanetriol_E2	metabolite	0.21867116487934815	0.21874284181432285	0.12264474229055292	0.0042442010336490865	-0.0032948453151684376	-0.013208381258205337	-0.004284982217173106
metabolite__N_Acetyl_L_glutamic_acid_E1	metabolite	0.2177449071776241	0.13085820143821075	0.22425826112788044	-0.017533313693790964	-0.03231974100035573	-0.03330063733540567	-0.03701217922713318
metabolite__2_Amino_9_methyl_4_octadecene_1_3_8_triol_E2	metabolite	0.21653273162070064	-0.025363939320338973	0.3541668736178247	0.02832995394394111	-0.011868510523331821	-0.004773719988009351	0.04392937053515744
metabolite__Quercetin_E2	metabolite	0.21246508265120984	0.15816879191126382	0.16580189834818074	-0.08150018886730948	-0.05653012149210368	-0.0004876006105638542	-0.1900768682045475
agri_aa_oil__Kernelwidth	agri_aa_oil	0.2117820380588508	0.22068735757127733	0.06326492525495257	0.023284520913014695	0.028623259659634193	-0.021165983040231096	-0.024299556532742406
metabolite__N2_N2_Dimethylguanosine_E1	metabolite	0.2112122553009431	0.15753613545093823	0.39975210592340515	-0.15190165144496648	-0.15280401262728427	-0.19826623115185793	0.05676721299837195
metabolite__Hydroxylinoleic_acid_E1	metabolite	0.21080722136279706	0.17403722067944832	0.24573965386987112	0.04352013934086818	0.028251763979731837	-0.005700137767297608	0.03949090437341929
metabolite__N_Coumaroylputrescine_E2	metabolite	0.21080233959139097	0.21372145452561203	0.11318924830693863	0.03314278617126665	0.02616844775991345	-0.00047824290830678073	-0.002213262785601966
metabolite__2_6_diformyl_4_methylphenol_E2	metabolite	0.20594123703827302	0.20872125565156122	0.2187572503408184	0.0278421835018825	0.035996702203644704	-0.002600232726506002	0.03990916642617215
metabolite__Choline_E1	metabolite	0.20346331355114286	0.2941819471587357	-0.007524429603396968	0.03132830371346118	0.04338053755510107	-0.0025849448177035494	-0.07990715496654999
metabolite__Adenine_E1	metabolite	0.20268793957596984	0.269580684647535	0.12817557252298054	-0.04211861621476087	0.024692243957427862	-0.08772256826266389	-0.09714278036146529
metabolite__Pyroglutamic_acid_E2	metabolite	0.20181726000734296	0.018180772285355522	0.16944432206197418	0.02580516084104334	-0.011374610283799491	-0.01020373267086927	0.00799152127406666
metabolite__Pro_Leu_E2	metabolite	0.19850383221391796	0.10900685487303963	0.3164195683857997	0.011966507100869883	-0.031390086050853805	-0.013407412132559138	0.06777409583094895
metabolite__Diferuloylputrescine_E1	metabolite	0.19811857409508216	0.1943944130370018	0.09361413455835191	0.03287774935061094	0.03312946266702699	-0.0029800653979381586	0.003990434631670592
metabolite__Adenylic_acid_E2	metabolite	0.1981039956404196	0.0653669064880861	0.2958404300000715	-0.0023132675793164914	-0.021985271877478896	-0.02504235158772028	0.0328811579024868
metabolite__LPC1_acyl_16_1_2_E1	metabolite	0.19770037375357497	0.2993953984261954	0.010734383900332755	0.027992873302237764	0.03406274219918637	-0.0020516209340866176	-0.011666356037385084
metabolite__DL_Indole_3_lactic_acid_3_Indolelactic_acid_E2	metabolite	0.1912776153860445	0.13038309529395647	0.30716418209466456	0.008373182610325935	-0.0018327840672143214	-0.014235578581455854	-0.011279298235919333
metabolite__LPC1_acyl_16_0_2_E2	metabolite	0.18848634521704402	0.08271032139835334	0.22776723809901142	0.013966158897157466	-0.04763107025227664	-0.030978782039236874	0.029501899861586023
metabolite__Glutathione_E2	metabolite	0.18785665365919405	-0.0007799877044786102	0.476557467280188	0.021468052419886807	-0.014523473404478793	-0.009073828981016607	0.18246534615585364
metabolite__Tricin_E2	metabolite	0.18761446726453335	0.21154026642543078	-0.04361180812981109	0.008965386233510064	0.023878391546158118	-0.0014504368070162865	-0.0017205912446947025
metabolite__Austricine_E2	metabolite	0.1858109856817637	-0.14688921098047414	0.3683392583040085	-0.04489275194551312	-0.0968065966414744	-0.0774071599475783	0.01670760364000401
metabolite__N_3_Indolylacetyl_L_alanine_E1	metabolite	0.18167462520186345	0.18708547433878184	0.014330206907880928	-0.0544161424502434	-0.05535785116033387	-0.058901735620829454	-0.06527194489186439
metabolite__3_Oxo_2_2_entenylcyclopentaneoctanoic_acid_E2	metabolite	0.1810818219960869	0.04858065954316099	0.21584563961550735	0.007457701031134523	-0.0007769178526122467	-0.001553207139308066	0.028155347026607047
metabolite__D_Glucose_6_phosphate_E2	metabolite	0.18083179080487088	0.17794154219504482	0.14061125021753929	0.007656984751971407	0.0029983069217910385	-0.024447307368405058	0.0011040449385203432
metabolite__Gibberellin_A4_E2	metabolite	0.18079650989168825	0.09283329072162526	0.25792825352313375	0.01805194837043056	-0.0022067236800376033	-0.0073278486048320435	0.06492174856332922
metabolite__Adenosine_E1	metabolite	0.1796637719992849	0.12131244352455929	0.28042134035186805	-0.07656474614718389	-0.09609320542193944	-0.06332388778184561	0.004753650738302029
metabolite__D_Pantothenic_acid_E1	metabolite	0.1774202356639254	0.16781444832713513	0.19188306362671137	-0.031699510379241014	-0.01516281949564302	-0.014445485060941232	0.014955221513898942
metabolite__Linoleic_acid_E1	metabolite	0.1761516596782775	0.2079989843924419	0.03293942304341545	0.0029148786176728114	0.03441024916186419	-0.000203952894371362	-0.03345789773339014
metabolite__N_N_Di_coumaroyl_N_feruloylspermidine_E2	metabolite	0.174017024685614	0.029069820803900887	0.2629802164478908	0.02297348020443435	0.00014127761041915488	-0.0003234957670690264	0.030375014990880134
metabolite__4_Coumaric_acid_E1	metabolite	0.17312340569452042	0.10064225098555951	0.08027222283533422	-0.03999694972345713	-0.11586864972006339	-0.04780473322998735	-0.08207444222673455
metabolite__Viscumamide_E2	metabolite	0.17290519157547737	0.16614856451727966	0.21112427702581865	0.026945788294563067	0.014040507106184874	-0.008235120764114479	0.010847694460091817
metabolite__Chrysoeriol_E2	metabolite	0.17039922276550504	0.20023452918061047	0.005193517970085788	0.004899895417324829	0.03107151355411597	-0.002472719999165429	-0.024605874427681806
metabolite__LPC1_acyl_18_1_E2	metabolite	0.16515278380683784	0.12431740792523739	0.3520335365454386	-0.05140235624443723	-0.07256984432832603	-0.009229988452318372	0.000700599352770559
metabolite__Sinapoyl_glucose_E1	metabolite	0.1632199964297792	0.14014766400494624	0.18015795973591162	-0.026708742549933495	-0.00387130326189844	-0.03972204990971551	-0.02250139627610892
metabolite__5_Methylthioadenosine_E1	metabolite	0.1592291527243354	0.11221374717267488	0.23747297090307545	-0.02608186813400848	-0.041218170087011785	-0.11735341556842083	-0.03187775101695345
metabolite__Triornicin_E2	metabolite	0.15893154574636956	-0.05079097710414777	0.3647704468220614	0.015369788211039181	-0.03362107328672792	-0.01288363814818494	0.12070796994634936
metabolite__Selgin_derivative_E2	metabolite	0.15791920040522972	0.14447792371851845	0.07693951978436106	-0.41293397686585487	-0.45038853541751345	-0.0016627194946068347	-0.11523653765149189
metabolite__Fructose_1_6_diphosphate_E1	metabolite	0.15629589416990178	0.1834850239529373	-0.009102998374200887	-0.1132864725858942	-0.10522555465105521	-0.11448352065166256	-0.12544727768124808
metabolite__Thiamin_E2	metabolite	0.15148555497138086	0.24769389278148662	0.07808557547999445	-0.02316974372575009	0.00963126893084787	-0.03686287157786716	-0.07697980374065416
metabolite__Pyridoxate_2_E2	metabolite	0.1510623720361367	0.1783940806102628	0.026250866739419666	-0.012415059980693588	-0.012616271871949802	-0.017276988346188515	-0.017039404909863665
metabolite__trans_Zeatin_O_glucoside_E2	metabolite	0.14698268732678085	0.09495318256181941	0.40409532711698365	-0.025086738771980643	-0.05522361529391939	-0.002889036910698861	0.00493113732780337
metabolite__Diaminopimelic_acid_E1	metabolite	0.14525621288741936	0.20103796384308242	-0.05305171719990533	-0.13102557847555363	-0.043008209263106556	-0.040589635502635835	-0.11350967245239119
metabolite__7_Oxo_11_dodecenoic_acid_E1	metabolite	0.14113313374447525	0.09622044678196598	0.279055173745836	0.007324592815637354	-0.009730711860251429	-0.004352941176575698	0.07055166333265317
metabolite__Methylchrysoeriol_C_hexoside_E2	metabolite	0.13935579007708754	0.04431864719506029	0.1027332061506819	-0.015618069869407947	-0.023067425355009386	-0.021575358160378366	-0.008600526895221394
metabolite__Lyratyl_acetate_E1	metabolite	0.13876195942386663	0.1092645819973964	0.27120708122473725	0.0029282345151783185	-0.006054241869068555	-0.01161769424404735	0.041754205286284596
metabolite__Apigenin_C_pentosyl_C_pentoside_E2	metabolite	0.13841296837158484	-0.031694715579711284	0.1997528261905617	-4.374857398613896	-3.403861336886785	-4.014673291288131	-13.158646783936014
metabolite__LPC1_acyl_18_2_1_E2	metabolite	0.1346905130727035	0.05195633554111095	0.1791549052936763	0.014426773089351919	-0.06052217415895256	-0.0009077055670474454	-0.017746736562929577
metabolite__Acetylintermedine_E2	metabolite	0.13396007433365284	0.1454142818269349	-0.03482351173313961	-0.08148660951565079	-0.061624029326359686	-0.11163012180815057	-0.16439860890923153
metabolite__N_Acetyldopamine_E1	metabolite	0.1314980073678219	0.03648044587556565	0.2778055302829192	-6.114230430074028	-5.301508786763286	-1.8477379221178878	-2.9826621516318634
metabolite__Chrysoeriol_di_C_hexoside_E2	metabolite	0.12773456629250401	0.10330193443188407	0.3380532905596003	-0.11217472865622224	-0.13810023795210324	-0.0007106593188810351	0.11192299352996349
metabolite__Pyridoxate_2_E1	metabolite	0.12764725457565623	0.1314198207766184	0.014820901983236254	-0.028779751862899827	-0.030271579064655274	-0.05198636237286558	-0.051303360212082705
metabolite__N_Feruloylagmatine_E2	metabolite	0.12724634685947353	-0.03964976186622088	0.31727461621894465	-0.11838036719390876	-0.18018117643391918	-0.0789896003106576	0.027966983484323138
agri_aa_oil__AA_Ala	agri_aa_oil	0.12714395317111035	0.018850304629395166	0.271478916451651	-0.03913887894079848	-0.06545011953682378	-0.003323943558503073	0.052503125324672384
metabolite__Hydroxylinoleic_acid_E2	metabolite	0.12096558229520586	0.049923205363658484	0.21384563537292584	-0.03767773880350678	-0.03880495914658111	-0.004626482337559246	0.03276804779474629
metabolite__3_2_Hydroxyethyl_4_methyl_1_2_3_4_pentanetetrol_E1	metabolite	0.1174879221241374	0.07360448443622651	0.16834153634310986	-0.05885040287583032	-0.06935861413301425	-0.08117112628829148	-0.07623503031911727
metabolite__Linoleic_acid_E2	metabolite	0.11427996997373772	0.14031930736185974	0.09358396969039366	0.008998105686052527	0.010296987462832363	-0.009283949120618251	-0.005596842876959496
metabolite__3p_4p_5p_Tricetin_O_hexoside_E2	metabolite	0.11379282809269498	0.06700871182545284	0.10153706685480084	-0.036754899844561706	-0.03964586485328958	-0.03866997991497523	-0.029476590620632237
agri_aa_oil__AA_Met	agri_aa_oil	0.11181570721176808	0.10986988404017647	0.032475877463952675	-0.0915269025619252	-0.07724307639207506	-4.945004200340719e-06	-0.04540784616228688
metabolite__Feruloylagmatine_derivative_E1	metabolite	0.10451339586611341	-0.030209248652287097	0.24345974090688216	-0.0010271963614654211	-0.00553822294109696	-0.004594446445363776	0.025873472829335387
metabolite__Chrysoeriol_C_hexosyl_O_pentoside_E2	metabolite	0.10174485432617163	0.007631169068354978	0.27575162294538813	-1.5903471754123832	-1.335947533601816	-0.4514109646165889	-0.49276740912255357
metabolite__N_feruloyl_O_hexoside_spermidine_E1	metabolite	0.09012443317231993	0.03467776126898063	0.3895391316267422	-0.07334550889962288	-0.08930689653121848	-0.010703358395609985	0.14313659772815868
agri_aa_oil__AA_Cys	agri_aa_oil	0.08893910461443223	-0.005832462512182992	0.23389103023304028	-0.24803614570946997	-0.2668173483672891	-0.039994605849384746	-0.0076913192388470275
metabolite__Halaminol_A_E2	metabolite	0.08270124872388732	0.14201630110697172	-0.030496895746561642	-0.08156562686464741	-0.08120990841602915	-0.0882026034347072	-0.08823866970196903
metabolite__Lincomycin_E2	metabolite	0.07578529144827796	0.06598914137320816	0.11770525928772974	-0.17279909346644162	-0.07291486239826717	-0.012606352422960487	-0.12479056202081873
metabolite__Succinyladenosine_E2	metabolite	0.07362711239198193	0.15288276546433033	0.026628702814501554	-0.0714932500782759	-0.05314844920282469	-0.07222571365127917	-0.1188704408919905
metabolite__Viscumamide_E1	metabolite	0.06609487602635218	0.043571372689160844	0.06350963012464252	-0.10484789372214043	-0.10482726634078698	-0.10672653690978251	-0.12275883794206766
metabolite__L_Carnitine_E2	metabolite	0.06598336276610801	0.022524263193753204	0.1797934310374301	-0.27393389435845794	-0.24166892740811985	-0.17513168028028336	-0.1264806651023258
metabolite__Hesperidin_E2	metabolite	0.06382600926031368	0.06286089903922143	0.07566706784878573	-0.02355073782560746	-0.02130702994791034	-0.02159912992437496	-0.02678995757107394
metabolite__L_Pipecolate_E2	metabolite	0.05409899998490285	0.10693422680468957	-0.17209611131288102	-0.3750495551412647	-0.3515881482243377	-0.34799337427927335	-0.3569428477496712
metabolite__Hesperetin_E2	metabolite	0.05081690892987316	0.06335151932303815	0.011640359617511135	-0.3780823644182314	-0.3707905631372075	-0.00039886707969438717	-0.07604529982602326
metabolite__L_Tryptophan_E2	metabolite	0.05035766587472385	-0.13051581458073194	0.17540027760417926	0.0017324896074908391	-0.003897581634013658	-7.142071800636529e-08	0.018865231705550434
metabolite__Tricin_E1	metabolite	0.04410098697119426	0.08800404639001488	-0.0607329494231742	-0.033133813171689175	-0.018345672789523926	-0.03275663720132371	-0.03640964275887737
metabolite__2_6_diformyl_4_methylphenol_E1	metabolite	0.04380802282256446	0.03294640020817068	0.09115737048910756	-0.1028219631425702	-0.09792437055200232	-0.06131007888442408	-0.0602141114960284
metabolite__sn_Glycero_3_Phosphocholine_E2	metabolite	0.040462198817865835	0.045508124778479465	0.04104973606078746	-0.017158799867892816	-0.017714930041958787	-0.019395566845658463	-0.016731589366582922
metabolite__Np_Npp_Coumaroyl_Feruloylspermidine_E1	metabolite	0.03672729055414079	0.061936239547550107	0.0718790373993405	-0.07714378555327328	-0.045231626011464465	-0.008252165261748434	-0.028098787258687308
metabolite__Diaminopimelic_acid_E2	metabolite	0.035749572698018116	0.09486778436040133	-0.10233708003283798	-0.5950108512214414	-0.40937817247225805	-0.04904857981679944	-0.19576579951504192
metabolite__Naringenin_derivative_E2	metabolite	0.03400736239633219	0.16711011796060368	-0.03656565680008221	-0.13150955048931312	-0.028670144066732517	-0.13707937510164236	-0.6577170726450066
metabolite__N_coumaroyl_O_hexoside_spermidine_E2	metabolite	0.02689813752761206	0.10285187817444662	-0.05831080921056002	-0.028486411278633827	-0.013906602772131071	-0.019860364799404007	-0.033719692603938256
metabolite__Apodophyllone_E2	metabolite	0.021692183865242347	0.03994297545917274	-0.018825386127002824	-0.007845179379772249	-0.0075903356196938	-0.00845116365471732	-0.008687735831041987
metabolite__Naringenin_E2	metabolite	0.01707209406855678	0.18302972516087307	-0.09665069243829623	-0.0198605882843792	-0.019212376062720304	-0.019719890547909902	-0.02226188278680641
metabolite__LPC1_acyl_16_1_1_E1	metabolite	0.00888670852782505	0.004942736625076731	0.020061937040345347	-0.013315824820169908	-0.013409116915930275	-0.013991426384323491	-0.01385836547411623
metabolite__Tricin_derivative_E2	metabolite	-0.0009074748027985821	-0.0008278288572560015	0.05703219025138456	-0.07473383579935877	-0.07328980815966135	-0.06253525243995273	-0.06140782586494775
metabolite__Scopoletin_E2	metabolite	-0.012221656994493346	0.04278276343514949	-0.09119729089662115	-0.23403817224713208	-0.156057259417	-0.10149722277088546	-0.18416084781083653
metabolite__Linolenic_acid_E1	metabolite	-0.01387423323942097	0.14835621850128783	-0.22868626619385246	-0.015145282929204917	-0.004819281124441188	-0.014158388258240562	-0.017760412490655852
metabolite__Apigenin_C_pentoside_E2	metabolite	-0.03436758591166404	-0.23008914007681058	0.05161942849415813	-0.20141415152128328	-0.14079097705627408	-0.05077543335755497	-0.5555678376659092
metabolite__Fructose_1_6_diphosphate_E2	metabolite	-0.03796680377056465	-0.016048686555187715	-0.0746136803974115	-0.032949338826494534	-0.01667198892299182	-0.004033093284743883	-0.07025956970746927
metabolite__Nalidixic_acid_E1	metabolite	-0.03959301678035024	-0.035315729711392005	-0.02191445310176933	-0.011018763576642776	-0.010669653497219933	-0.004057174132076291	-0.005973043876356776
metabolite__Vitexin_E2	metabolite	-0.043215604711513124	-0.1009636803078077	0.01039527535063614	-0.023611979294203334	-0.020154104248391702	-0.0017513377762019555	-0.057617621171515365
metabolite__Diosgenin_E1	metabolite	-0.04447301745676964	0.02650272174775834	-0.1272638456664062	-0.06367116164316977	-0.02454575034343387	-0.007102341451252103	-0.05240885188745947
metabolite__Tricin_O_hexoside_E2	metabolite	-0.04579060052444907	-0.06257618835920961	0.058184546353747896	-0.21107127849158602	-0.1612570321167801	-0.0106218660194497	-0.022138992742505303
metabolite__Apigenin_E2	metabolite	-0.05116281610672255	0.02670348177386807	-0.09331987943195114	-0.0033535442022094575	-0.0005319040036189104	-0.0006236724445243258	-0.014598639219404408
metabolite__Sakuranetin_E2	metabolite	-0.057265991513915385	-0.02080416970212975	-0.08693405254853673	-0.03215894535361574	-0.014855874984736506	-0.006832515812347895	-0.05977559427526402
metabolite__Austricine_E1	metabolite	-0.06350459023125776	-0.043423485952147525	-0.06256250226682361	-0.11265601325017172	-0.08085370064027875	-0.02924541155522231	-0.06865398060851247
metabolite__D_Pantothenic_acid_E2	metabolite	-0.06445739847651127	-0.046872892263926234	-0.057434028764417444	-0.005494953783971468	-0.004440836928822911	-0.0018517606755039662	-0.0029276570070804198
metabolite__2_Amino_1_3_4_hexadecanetriol_E1	metabolite	-0.06863619314284224	-0.33554408173876427	0.2108518562064711	-0.005550582636631773	-0.009875414997807086	-0.003404359652284805	0.001135722737267919
metabolite__12_Hydroxy_6_epi_albrassitriol_E1	metabolite	-0.0729997722702266	-0.12362454790804013	0.08706651315504005	-0.0628447653231099	-0.06366725122408456	-0.05928314206792762	-0.05836874632427258
metabolite__L_Histidine_E2	metabolite	-0.07389534157060199	-0.06008249230862142	-0.13840842461393113	-0.913963204952497	-0.8753321542278276	-0.05384392786454506	-0.059862844422861716
metabolite__Tricin_4p_O_erythro_beta_guaiacylglyceryl_ether_E2	metabolite	-0.07450194398694697	0.04389937389184209	-0.24941139949490676	-0.03154857825388491	-0.026731505953577983	-0.02453483039480786	-0.0258636744882208
metabolite__Apigenin_8_C_glucoside_E2	metabolite	-0.08360370607067626	-0.2159886548407832	0.057127554107523924	-0.02534035791708722	-0.02248197958628184	-2.4022470679341268e-09	-0.03590676377014912
metabolite__Abscisic_acid_E1	metabolite	-0.09630870365278144	-0.0008472143698296138	-0.15332415995963306	-0.12140211254092792	-0.062292902523029214	-0.06183843835641012	-0.12861624150399642
metabolite__Tricin_4p_O_threo_beta_guaiacylglyceryl_ether_E2	metabolite	-0.09978175417216284	-0.08222733337376702	-0.019073281123386604	-0.09457518283439059	-0.08503304267157619	-0.0314102786040813	-0.03454289781431785
metabolite__Tricin_4p_O_threo_beta_guaiacylglyceryl_ether_O_hexoside_E2	metabolite	-0.11654423125719006	-0.14857941391988091	-0.021146802423147447	-0.03713313356846526	-0.11121903401949162	-0.010839144820151247	-0.01650140552494106
metabolite__N_3_Indolylacetyl_L_alanine_E2	metabolite	-0.2185605256789541	-0.25808383720865186	-0.0008994582883157377	-0.06455665883168948	-0.05237785536313	-4.816830147413853e-06	-0.07228041561118581
