trait	trait_group	total_non_missing	train_non_missing	val_non_missing	test_non_missing	missing_rate	variance	used_for_baseline
metabolite__L_Tyrosine_E1	metabolite	320	238	44	38	0.30585683297180044	1120323418.572688	True
metabolite__Vanillin_E1	metabolite	320	238	44	38	0.30585683297180044	99704560256.66144	True
metabolite__N_Acetyl_L_glutamic_acid_E1	metabolite	320	238	44	38	0.30585683297180044	3137408021.061912	True
metabolite__Lyratyl_acetate_E1	metabolite	320	238	44	38	0.30585683297180044	25628585328.526646	True
metabolite__Ferulic_acid_derivative_E1	metabolite	320	238	44	38	0.30585683297180044	117903989811.91223	True
metabolite__Pyridoxine_E1	metabolite	320	238	44	38	0.30585683297180044	3456541128.804859	True
metabolite__LPC1_acyl_16_1_1_E1	metabolite	320	238	44	38	0.30585683297180044	541858190680.83777	True
metabolite__Glutamine_E1	metabolite	320	238	44	38	0.30585683297180044	19887572194112.46	True
metabolite__N1_N10_Dicoumaroylspermidine_E1	metabolite	320	238	44	38	0.30585683297180044	3558886523158.307	True
metabolite__N_Coumaroylspermidine_E1	metabolite	320	238	44	38	0.30585683297180044	5248233822.8751955	True
metabolite__L_Lysine_E1	metabolite	320	238	44	38	0.30585683297180044	30650153795454.547	True
metabolite__LPC1_acyl_16_0_1_E1	metabolite	320	238	44	38	0.30585683297180044	20348877779153.605	True
metabolite__Adenosine_E1	metabolite	320	238	44	38	0.30585683297180044	127441830403605.02	True
metabolite__L_Glutamic_acid_E1	metabolite	320	238	44	38	0.30585683297180044	13770745940438.871	True
metabolite__Abscisic_acid_E1	metabolite	320	238	44	38	0.30585683297180044	19790152004.604233	True
metabolite__L_Phenylalanine_E1	metabolite	320	238	44	38	0.30585683297180044	838861055445728.8	True
metabolite__O_Acetyl_L_serine_E1	metabolite	320	238	44	38	0.30585683297180044	16127711771158.307	True
metabolite__LPC1_acyl_18_2_2_E1	metabolite	320	238	44	38	0.30585683297180044	4211045994318.1816	True
metabolite__Np_Npp_Coumaroyl_Feruloylspermidine_E1	metabolite	320	238	44	38	0.30585683297180044	8490501043103.448	True
metabolite__Choline_E1	metabolite	320	238	44	38	0.30585683297180044	48260967770376.17	True
metabolite__L_Serine_E1	metabolite	320	238	44	38	0.30585683297180044	65813718642.24138	True
metabolite__L_Valine_E1	metabolite	320	238	44	38	0.30585683297180044	27544736892633.227	True
metabolite__L_Threonine_E1	metabolite	320	238	44	38	0.30585683297180044	167190521698.66772	True
metabolite__Nicotinic_Acid_E1	metabolite	320	238	44	38	0.30585683297180044	16558337876.077587	True
metabolite__Pyroglutamic_acid_E1	metabolite	320	238	44	38	0.30585683297180044	8429742793.005486	True
metabolite__L_Pipecolate_E1	metabolite	320	238	44	38	0.30585683297180044	26143572091496.863	True
metabolite__L_Aspartic_acid_E1	metabolite	320	238	44	38	0.30585683297180044	4765923996865.204	True
metabolite__Phenylpyruvic_acid_E1	metabolite	320	238	44	38	0.30585683297180044	8688340800.842476	True
metabolite__2_6_diformyl_4_methylphenol_E1	metabolite	320	238	44	38	0.30585683297180044	170473616575.2351	True
metabolite__4_Coumaric_acid_E1	metabolite	320	238	44	38	0.30585683297180044	70187796866.6732	True
metabolite__L_Arginine_E1	metabolite	320	238	44	38	0.30585683297180044	48076439106583.07	True
metabolite__5_Hydroxyindoleacetic_acid_E1	metabolite	320	238	44	38	0.30585683297180044	19755631930054.86	True
metabolite__3_2_Hydroxyethyl_4_methyl_1_2_3_4_pentanetetrol_E1	metabolite	320	238	44	38	0.30585683297180044	55969424388.63376	True
metabolite__D_Pantothenic_acid_E1	metabolite	320	238	44	38	0.30585683297180044	199380719147.33542	True
metabolite__Pro_Leu_E1	metabolite	320	238	44	38	0.30585683297180044	218390052507.837	True
metabolite__N_3_Indolylacetyl_L_alanine_E1	metabolite	320	238	44	38	0.30585683297180044	9485857853.031937	True
metabolite__N_Feruloylputrescine_E1	metabolite	320	238	44	38	0.30585683297180044	497096822473981.2	True
metabolite__12_Hydroxy_6_epi_albrassitriol_E1	metabolite	320	238	44	38	0.30585683297180044	38222058342.378525	True
metabolite__Naringenin_derivative_E1	metabolite	320	238	44	38	0.30585683297180044	35438192504.447296	True
metabolite__L_saccharopine_E1	metabolite	320	238	44	38	0.30585683297180044	384146596536.4934	True
metabolite__Linolenic_acid_E1	metabolite	320	238	44	38	0.30585683297180044	847921072.1003134	True
metabolite__Linoleic_acid_E1	metabolite	320	238	44	38	0.30585683297180044	54109728595.21944	True
metabolite__Norcinnamolaurine_E1	metabolite	320	238	44	38	0.30585683297180044	63630658934059.16	True
metabolite__N_coumaroyl_O_hexoside_spermidine_E1	metabolite	320	238	44	38	0.30585683297180044	536203270.3673589	True
metabolite__5_Methylthioadenosine_E1	metabolite	320	238	44	38	0.30585683297180044	10492117661745.686	True
metabolite__N_Coumaroyltryptamine_E1	metabolite	320	238	44	38	0.30585683297180044	165890050281982.44	True
metabolite__Coumaroylserotonin_E1	metabolite	320	238	44	38	0.30585683297180044	1139201157250.768	True
metabolite__Feruloyltryptamine_E1	metabolite	320	238	44	38	0.30585683297180044	367226781932535.7	True
metabolite__Adenylic_acid_E1	metabolite	320	238	44	38	0.30585683297180044	593937980838.558	True
metabolite__Feruloylserotonin_E1	metabolite	320	238	44	38	0.30585683297180044	855116567.1643319	True
metabolite__Dicoumaroylputrescine_E1	metabolite	320	238	44	38	0.30585683297180044	162261862646150.06	True
metabolite__Glycerol_1_tetradecanoate_3_phosphocholine_E1	metabolite	320	238	44	38	0.30585683297180044	70029172086.2069	True
metabolite__N_caffeoyl_O_hexoside_spermidine_E1	metabolite	320	238	44	38	0.30585683297180044	672993459775.9943	True
metabolite__Diferuloylputrescine_E1	metabolite	320	238	44	38	0.30585683297180044	7258094007.944201	True
metabolite__N_feruloyl_O_hexoside_spermidine_E1	metabolite	320	238	44	38	0.30585683297180044	343606693159.87463	True
metabolite__LPC1_acyl_16_1_2_E1	metabolite	320	238	44	38	0.30585683297180044	2080037869.7903504	True
metabolite__LPC1_acyl_16_0_2_E1	metabolite	320	238	44	38	0.30585683297180044	181377015795454.53	True
metabolite__Np_Npp_Feruloyl_caffeoyl_spermidine_derivative_E1	metabolite	320	238	44	38	0.30585683297180044	430421778729.0743	True
metabolite__2pp_6pp_O_Diacetyloninin_E1	metabolite	320	238	44	38	0.30585683297180044	15241808801097.178	True
metabolite__LPC1_acyl_18_2_1_E1	metabolite	320	238	44	38	0.30585683297180044	216564439306426.34	True
metabolite__LPC1_acyl_20_4_E1	metabolite	320	238	44	38	0.30585683297180044	8378177931.990244	True
metabolite__Apigenin_C_hexosyl_C_pentoside_E1	metabolite	320	238	44	38	0.30585683297180044	1043563097931.1532	True
metabolite__Viscumamide_E1	metabolite	320	238	44	38	0.30585683297180044	29894673894004.703	True
metabolite__Indole_3_carboxyaldehyde_E1	metabolite	320	238	44	38	0.30585683297180044	8891499387.833073	True
metabolite__Tryptamine_E1	metabolite	320	238	44	38	0.30585683297180044	14355848036657.916	True
metabolite__L_Carnitine_E1	metabolite	320	238	44	38	0.30585683297180044	12597955046.92398	True
metabolite__IAA_E1	metabolite	320	238	44	38	0.30585683297180044	1704509103291.5361	True
metabolite__Pyridoxate_2_E1	metabolite	320	238	44	38	0.30585683297180044	6477043592.821943	True
metabolite__Diaminopimelic_acid_E1	metabolite	320	238	44	38	0.30585683297180044	291338267742.9467	True
metabolite__Carpacin_E1	metabolite	320	238	44	38	0.30585683297180044	11785506905.815046	True
metabolite__Scopoletin_E1	metabolite	320	238	44	38	0.30585683297180044	25344100120.591694	True
metabolite__N_Acetyldopamine_E1	metabolite	320	238	44	38	0.30585683297180044	1691084698777.511	True
metabolite__7_Oxo_11_dodecenoic_acid_E1	metabolite	320	238	44	38	0.30585683297180044	6606889279.272101	True
metabolite__Modiolin_E1	metabolite	320	238	44	38	0.30585683297180044	1295741932.9692397	True
metabolite__Nalidixic_acid_E1	metabolite	320	238	44	38	0.30585683297180044	3655217977.0351105	True
metabolite__2_Amino_1_3_4_hexadecanetriol_E1	metabolite	320	238	44	38	0.30585683297180044	6726722481.976399	True
metabolite__Hydroxylinoleic_acid_E1	metabolite	320	238	44	38	0.30585683297180044	893538161.1912225	True
metabolite__Gibberellin_A4_E1	metabolite	320	238	44	38	0.30585683297180044	326357896.53605014	True
metabolite__Sinapoyl_glucose_E1	metabolite	320	238	44	38	0.30585683297180044	7961572483.851881	True
metabolite__Benzamidine_E1	metabolite	320	238	44	38	0.30585683297180044	197713090507.44513	True
metabolite__L_Leucine_E1	metabolite	320	238	44	38	0.30585683297180044	51342964450431.03	True
metabolite__L_Isoleucine_E1	metabolite	320	238	44	38	0.30585683297180044	4523927281259.796	True
metabolite__Adenine_E1	metabolite	320	238	44	38	0.30585683297180044	1899558936520.3762	True
metabolite__Trigonelline_E1	metabolite	320	238	44	38	0.30585683297180044	5562428095991.28	True
metabolite__L_Tryptophan_E1	metabolite	320	238	44	38	0.30585683297180044	157761256579153.6	True
metabolite__Halaminol_A_E1	metabolite	320	238	44	38	0.30585683297180044	1081445139.4984326	True
metabolite__Austricine_E1	metabolite	320	238	44	38	0.30585683297180044	568769783.015194	True
metabolite__Thiamin_E1	metabolite	320	238	44	38	0.30585683297180044	298486997012.14734	True
metabolite__Crotonoside_E1	metabolite	320	238	44	38	0.30585683297180044	817676538557.3813	True
metabolite__N2_N2_Dimethylguanosine_E1	metabolite	320	238	44	38	0.30585683297180044	380774343145.67004	True
metabolite__Tricin_E1	metabolite	320	238	44	38	0.30585683297180044	156211283820.69714	True
metabolite__Fructose_1_6_diphosphate_E1	metabolite	320	238	44	38	0.30585683297180044	6635518747.506857	True
metabolite__N_Coumaroyl_spermidine_derivative_E1	metabolite	320	238	44	38	0.30585683297180044	245501521112.61237	True
metabolite__Acetosyringone_E1	metabolite	320	238	44	38	0.30585683297180044	573376814890.2821	True
metabolite__Lincomycin_E1	metabolite	320	238	44	38	0.30585683297180044	104916575538.7931	True
metabolite__LPC1_acyl_18_3_1_E1	metabolite	320	238	44	38	0.30585683297180044	164883579937.30408	True
metabolite__LPC1_acyl_18_3_2_E1	metabolite	320	238	44	38	0.30585683297180044	1073805439.8422806	True
metabolite__N_N_Di_coumaroyl_N_feruloylspermidine_E1	metabolite	320	238	44	38	0.30585683297180044	239353269082.2845	True
metabolite__Ferulic_acid_E1	metabolite	320	238	44	38	0.30585683297180044	110578540399.68652	True
metabolite__Uracil_E1	metabolite	320	238	44	38	0.30585683297180044	1091009874.8187697	True
metabolite__Guanosine_E1	metabolite	320	238	44	38	0.30585683297180044	44088872267985.89	True
metabolite__Quercetin_E1	metabolite	320	238	44	38	0.30585683297180044	1590502977188.1335	True
metabolite__Hesperetin_E1	metabolite	320	238	44	38	0.30585683297180044	134312951491.93164	True
metabolite__Feruloylagmatine_derivative_E1	metabolite	320	238	44	38	0.30585683297180044	888053422.9137541	True
metabolite__Glutathione_E1	metabolite	320	238	44	38	0.30585683297180044	1727263820444.749	True
metabolite__L_Proline_E1	metabolite	320	238	44	38	0.30585683297180044	373435534168299.44	True
metabolite__N_N_caffeoyl_Feruloyl_spermidine_derivative_E1	metabolite	320	238	44	38	0.30585683297180044	884352912380.0	True
metabolite__Asparagine_E1	metabolite	320	238	44	38	0.30585683297180044	12362272409874.607	True
metabolite__DIMBOA_glucoside_E1	metabolite	320	238	44	38	0.30585683297180044	277189699119.5818	True
metabolite__Diosgenin_E1	metabolite	320	238	44	38	0.30585683297180044	32111890072403.99	True
metabolite__Pyridoxate_1_E1	metabolite	320	238	44	38	0.30585683297180044	422918422570.5329	True
metabolite__Pyroglutamic_acid_E2	metabolite	320	238	44	38	0.30585683297180044	222844002523.413	True
metabolite__L_Pipecolate_E2	metabolite	320	238	44	38	0.30585683297180044	889231092147335.2	True
metabolite__L_Aspartic_acid_E2	metabolite	320	238	44	38	0.30585683297180044	51230637582288.4	True
metabolite__L_Methionine_E2	metabolite	320	238	44	38	0.30585683297180044	8364582971698.668	True
metabolite__Phenylpyruvic_acid_E2	metabolite	320	238	44	38	0.30585683297180044	174447414096.78683	True
metabolite__2_6_diformyl_4_methylphenol_E2	metabolite	320	238	44	38	0.30585683297180044	1859854532288.4014	True
metabolite__L_Arginine_E2	metabolite	320	238	44	38	0.30585683297180044	1447428193965517.0	True
metabolite__Gluconolactone_E2	metabolite	320	238	44	38	0.30585683297180044	49848093407.13166	True
metabolite__5_Hydroxyindoleacetic_acid_E2	metabolite	320	238	44	38	0.30585683297180044	75404537064567.0	True
metabolite__3_2_Hydroxyethyl_4_methyl_1_2_3_4_pentanetetrol_E2	metabolite	320	238	44	38	0.30585683297180044	844624612217.7704	True
metabolite__DL_Indole_3_lactic_acid_3_Indolelactic_acid_E2	metabolite	320	238	44	38	0.30585683297180044	4126831292.221787	True
metabolite__D_Pantothenic_acid_E2	metabolite	320	238	44	38	0.30585683297180044	900139588469.8276	True
metabolite__Pro_Leu_E2	metabolite	320	238	44	38	0.30585683297180044	4524404066418.495	True
metabolite__N_3_Indolylacetyl_L_alanine_E2	metabolite	320	238	44	38	0.30585683297180044	29161938469.827587	True
metabolite__sn_Glycero_3_Phosphocholine_E2	metabolite	320	238	44	38	0.30585683297180044	1417350367456896.5	True
metabolite__N_Feruloylputrescine_E2	metabolite	320	238	44	38	0.30585683297180044	1009940996986677.0	True
metabolite__12_Hydroxy_6_epi_albrassitriol_E2	metabolite	320	238	44	38	0.30585683297180044	53013757083659.875	True
metabolite__Naringenin_E2	metabolite	320	238	44	38	0.30585683297180044	4894124594670.454	True
metabolite__Naringenin_derivative_E2	metabolite	320	238	44	38	0.30585683297180044	759812281568.3973	True
metabolite__L_saccharopine_E2	metabolite	320	238	44	38	0.30585683297180044	16963814374568.965	True
metabolite__Glu_Glu_E2	metabolite	320	238	44	38	0.30585683297180044	13686932281152.035	True
metabolite__Linolenic_acid_E2	metabolite	320	238	44	38	0.30585683297180044	14848131817202.195	True
metabolite__Linoleic_acid_E2	metabolite	320	238	44	38	0.30585683297180044	22907415109717.867	True
metabolite__Norcinnamolaurine_E2	metabolite	320	238	44	38	0.30585683297180044	297403913085160.56	True
metabolite__Sakuranetin_E2	metabolite	320	238	44	38	0.30585683297180044	3400169661.8633914	True
metabolite__N_coumaroyl_O_hexoside_spermidine_E2	metabolite	320	238	44	38	0.30585683297180044	437963009404388.7	True
metabolite__5_Methylthioadenosine_E2	metabolite	320	238	44	38	0.30585683297180044	90930346304222.17	True
metabolite__N_Coumaroyltryptamine_E2	metabolite	320	238	44	38	0.30585683297180044	401477749823279.6	True
metabolite__Coumaroylserotonin_E2	metabolite	320	238	44	38	0.30585683297180044	15191619610401.504	True
metabolite__Feruloyltryptamine_E2	metabolite	320	238	44	38	0.30585683297180044	636028870468240.5	True
metabolite__Adenylic_acid_E2	metabolite	320	238	44	38	0.30585683297180044	1695769121277.4294	True
metabolite__Feruloylserotonin_E2	metabolite	320	238	44	38	0.30585683297180044	577943159998.6666	True
metabolite__Dicoumaroylputrescine_E2	metabolite	320	238	44	38	0.30585683297180044	372059994111441.94	True
metabolite__Glycerol_1_tetradecanoate_3_phosphocholine_E2	metabolite	320	238	44	38	0.30585683297180044	19316782127742.945	True
metabolite__N_caffeoyl_O_hexoside_spermidine_E2	metabolite	320	238	44	38	0.30585683297180044	144309491877262.9	True
metabolite__Diferuloylputrescine_E2	metabolite	320	238	44	38	0.30585683297180044	46596037690.790276	True
metabolite__Methylchrysoeriol_C_hexoside_E2	metabolite	320	238	44	38	0.30585683297180044	61427919363.413376	True
metabolite__N_feruloyl_O_hexoside_spermidine_E2	metabolite	320	238	44	38	0.30585683297180044	96789144927106.19	True
metabolite__LPC1_acyl_16_1_2_E2	metabolite	320	238	44	38	0.30585683297180044	215787106907.51465	True
metabolite__LPC1_acyl_16_0_2_E2	metabolite	320	238	44	38	0.30585683297180044	3034274255485892.5	True
metabolite__N1_N10_Diferuloylspermidine_E2	metabolite	320	238	44	38	0.30585683297180044	167318407671434.16	True
metabolite__Np_Npp_Feruloyl_caffeoyl_spermidine_derivative_E2	metabolite	320	238	44	38	0.30585683297180044	4086806925163.6943	True
metabolite__2pp_6pp_O_Diacetyloninin_E2	metabolite	320	238	44	38	0.30585683297180044	124026844696551.72	True
metabolite__LPC1_acyl_18_2_1_E2	metabolite	320	238	44	38	0.30585683297180044	1935617515673980.8	True
metabolite__LPC1_acyl_18_1_E2	metabolite	320	238	44	38	0.30585683297180044	51725649677703.766	True
metabolite__LPC1_acyl_18_0_E2	metabolite	320	238	44	38	0.30585683297180044	17690102107170.848	True
metabolite__Tricin_4p_O_threo_beta_guaiacylglyceryl_ether_E2	metabolite	320	238	44	38	0.30585683297180044	562902651188.7775	True
metabolite__LPC1_acyl_20_4_E2	metabolite	320	238	44	38	0.30585683297180044	216975361276449.8	True
metabolite__Lehmbachol_A_E2	metabolite	320	238	44	38	0.30585683297180044	3048641249024.6855	True
metabolite__Apigenin_C_hexosyl_C_pentoside_E2	metabolite	320	238	44	38	0.30585683297180044	8735315656137.931	True
metabolite__Viscumamide_E2	metabolite	320	238	44	38	0.30585683297180044	242165954545454.53	True
metabolite__Triornicin_E2	metabolite	320	238	44	38	0.30585683297180044	4252941943534.483	True
metabolite__L_Histidine_E2	metabolite	320	238	44	38	0.30585683297180044	3180909045885.482	True
metabolite__L_Carnitine_E2	metabolite	320	238	44	38	0.30585683297180044	12736461801.626175	True
metabolite__Pyridoxate_2_E2	metabolite	320	238	44	38	0.30585683297180044	24065942954.44749	True
metabolite__Diaminopimelic_acid_E2	metabolite	320	238	44	38	0.30585683297180044	34682823774137.93	True
metabolite__Scopoletin_E2	metabolite	320	238	44	38	0.30585683297180044	402794742701.8025	True
metabolite__7_Oxo_11_dodecenoic_acid_E2	metabolite	320	238	44	38	0.30585683297180044	1934753735451.0188	True
metabolite__Nalidixic_acid_E2	metabolite	320	238	44	38	0.30585683297180044	39124522745021.9	True
metabolite__2_Amino_1_3_4_hexadecanetriol_E2	metabolite	320	238	44	38	0.30585683297180044	36751515514793.54	True
metabolite__9_Oxo_12_octadecenoic_acid_E2	metabolite	320	238	44	38	0.30585683297180044	74698194.60815047	True
metabolite__Hydroxylinoleic_acid_E2	metabolite	320	238	44	38	0.30585683297180044	88253838319.35736	True
metabolite__N_acetylneuraminic_acid_E2	metabolite	320	238	44	38	0.30585683297180044	474428349686.5204	True
metabolite__Gibberellin_A4_E2	metabolite	320	238	44	38	0.30585683297180044	6917213051.626176	True
metabolite__Acetylintermedine_E2	metabolite	320	238	44	38	0.30585683297180044	600321936405.294	True
metabolite__Serotonin_E2	metabolite	320	238	44	38	0.30585683297180044	417880187802.11597	True
metabolite__Caffeic_acid_derivative_E2	metabolite	320	238	44	38	0.30585683297180044	505562574956.0148	True
metabolite__L_Tryptophan_E2	metabolite	320	238	44	38	0.30585683297180044	478275297413793.1	True
metabolite__Elaeokanine_C_E2	metabolite	320	238	44	38	0.30585683297180044	587681744852.6244	True
metabolite__Ethyl_syringate_E2	metabolite	320	238	44	38	0.30585683297180044	64795870811.52038	True
metabolite__Halaminol_A_E2	metabolite	320	238	44	38	0.30585683297180044	619571468642.2413	True
metabolite__N_Coumaroylputrescine_E2	metabolite	320	238	44	38	0.30585683297180044	976478809404.3887	True
metabolite__Apodophyllone_E2	metabolite	320	238	44	38	0.30585683297180044	42079930163.695145	True
metabolite__Austricine_E2	metabolite	320	238	44	38	0.30585683297180044	29125088745101.883	True
metabolite__Thiamin_E2	metabolite	320	238	44	38	0.30585683297180044	23725840712186.52	True
metabolite__Apigenin_E2	metabolite	320	238	44	38	0.30585683297180044	16768033900.837692	True
metabolite__N_Coumaroylagmatine_E2	metabolite	320	238	44	38	0.30585683297180044	92416672612.43631	True
metabolite__Crotonoside_E2	metabolite	320	238	44	38	0.30585683297180044	13491481939655.172	True
metabolite__Sphinganine_E2	metabolite	320	238	44	38	0.30585683297180044	116259100783.3072	True
metabolite__N2_N2_Dimethylguanosine_E2	metabolite	320	238	44	38	0.30585683297180044	7981555684294.277	True
metabolite__Caffeoyltryptamine_E2	metabolite	320	238	44	38	0.30585683297180044	36321253002.961914	True
metabolite__2_Amino_9_methyl_4_octadecene_1_3_8_triol_E2	metabolite	320	238	44	38	0.30585683297180044	68264709893.31896	True
metabolite__Tricin_E2	metabolite	320	238	44	38	0.30585683297180044	481058161315.047	True
metabolite__Fructose_1_6_diphosphate_E2	metabolite	320	238	44	38	0.30585683297180044	272847420325.62695	True
metabolite__N_Coumaroyl_spermidine_derivative_E2	metabolite	320	238	44	38	0.30585683297180044	118672785840.78488	True
metabolite__Zeanoside_B_E2	metabolite	320	238	44	38	0.30585683297180044	462830379148.86755	True
metabolite__trans_Zeatin_O_glucoside_E2	metabolite	320	238	44	38	0.30585683297180044	22607275104075.234	True
metabolite__Succinyladenosine_E2	metabolite	320	238	44	38	0.30585683297180044	14669674195052.896	True
metabolite__Acetosyringone_E2	metabolite	320	238	44	38	0.30585683297180044	9503102763479.623	True
metabolite__Apigenin_C_pentoside_E2	metabolite	320	238	44	38	0.30585683297180044	2410725333.2190833	True
metabolite__Lincomycin_E2	metabolite	320	238	44	38	0.30585683297180044	20979615.67300157	True
metabolite__Apigenin_7_O_glucoside_E2	metabolite	320	238	44	38	0.30585683297180044	24820141440.299515	True
metabolite__Vitexin_E2	metabolite	320	238	44	38	0.30585683297180044	49305431880.48589	True
metabolite__Apigenin_8_C_glucoside_E2	metabolite	320	238	44	38	0.30585683297180044	3275825470.9551334	True
metabolite__Cyanidin_3_O_glucoside_E2	metabolite	320	238	44	38	0.30585683297180044	84320049654.29076	True
metabolite__Chrysoeriol_O_hexoside_E2	metabolite	320	238	44	38	0.30585683297180044	70950390070.91594	True
metabolite__LPC1_acyl_15_0_1_E2	metabolite	320	238	44	38	0.30585683297180044	387045547962.38245	True
metabolite__LPC1_acyl_15_0_2_E2	metabolite	320	238	44	38	0.30585683297180044	35230436306.32837	True
metabolite__Tricin_4p_O_erythro_beta_guaiacylglyceryl_ether_E2	metabolite	320	238	44	38	0.30585683297180044	10004992040.84604	True
metabolite__LPC1_acyl_18_3_1_E2	metabolite	320	238	44	38	0.30585683297180044	866516993632444.9	True
metabolite__LPC1_acyl_18_3_2_E2	metabolite	320	238	44	38	0.30585683297180044	7690181030564.264	True
metabolite__Apigenin_C_pentosyl_C_pentoside_E2	metabolite	320	238	44	38	0.30585683297180044	3308291562755.0938	True
metabolite__Tricin_derivative_E2	metabolite	320	238	44	38	0.30585683297180044	23485024017.38679	True
metabolite__Chrysoeriol_C_hexosyl_O_pentoside_E2	metabolite	320	238	44	38	0.30585683297180044	73530219792.7116	True
metabolite__Chrysoeriol_O_rhamnosyl_O_hexoside_E2	metabolite	320	238	44	38	0.30585683297180044	37824256654.96958	True
metabolite__N_N_Di_coumaroyl_N_feruloylspermidine_E2	metabolite	320	238	44	38	0.30585683297180044	3898185736332.1904	True
metabolite__Chrysoeriol_di_O_hexoside_E2	metabolite	320	238	44	38	0.30585683297180044	346713698075.8464	True
metabolite__Tricin_4p_O_threo_beta_guaiacylglyceryl_ether_O_hexoside_E2	metabolite	320	238	44	38	0.30585683297180044	6968641063.078958	True
metabolite__Apigenin_C_pentosyl_O_coumaroylhexoside_E2	metabolite	320	238	44	38	0.30585683297180044	45716401791.68887	True
metabolite__C_pentosyl_apigenin_O_caffeoylhexoside_E2	metabolite	320	238	44	38	0.30585683297180044	77116493845.61739	True
metabolite__Ferulic_acid_E2	metabolite	320	238	44	38	0.30585683297180044	35305014253.52665	True
metabolite__Uracil_E2	metabolite	320	238	44	38	0.30585683297180044	6011082239278.908	True
metabolite__D_Glucose_6_phosphate_E2	metabolite	320	238	44	38	0.30585683297180044	455357995679.85895	True
metabolite__Guanosine_E2	metabolite	320	238	44	38	0.30585683297180044	235344106108934.12	True
metabolite__3_Oxo_2_2_entenylcyclopentaneoctanoic_acid_E2	metabolite	320	238	44	38	0.30585683297180044	199640379856.03345	True
metabolite__Chrysoeriol_E2	metabolite	320	238	44	38	0.30585683297180044	35668421387.73413	True
metabolite__Quercetin_E2	metabolite	320	238	44	38	0.30585683297180044	4881658985805.25	True
metabolite__Hesperetin_E2	metabolite	320	238	44	38	0.30585683297180044	5241344870851.857	True
metabolite__Feruloylagmatine_derivative_E2	metabolite	320	238	44	38	0.30585683297180044	8264217413983.425	True
metabolite__N_Feruloylagmatine_E2	metabolite	320	238	44	38	0.30585683297180044	1060659715705.3291	True
metabolite__Glutathione_E2	metabolite	320	238	44	38	0.30585683297180044	116308799357366.77	True
metabolite__Selgin_derivative_E2	metabolite	320	238	44	38	0.30585683297180044	3580018645.3485503	True
metabolite__N_Feruloyl_N_methoxyagmatine_E2	metabolite	320	238	44	38	0.30585683297180044	5324406052713.338	True
metabolite__Bufotenine_O_glucoside_E2	metabolite	320	238	44	38	0.30585683297180044	209027241.76234326	True
metabolite__L_Proline_E2	metabolite	320	238	44	38	0.30585683297180044	1383588145313479.5	True
metabolite__Tricin_O_hexoside_E2	metabolite	320	238	44	38	0.30585683297180044	3443318273814.655	True
metabolite__Malvidin_3_O_hexoside_E2	metabolite	320	238	44	38	0.30585683297180044	14386838196.175549	True
metabolite__3p_4p_5p_Tricetin_O_hexoside_E2	metabolite	320	238	44	38	0.30585683297180044	7940635781.065673	True
metabolite__N_N_caffeoyl_Feruloyl_spermidine_derivative_E2	metabolite	320	238	44	38	0.30585683297180044	5716783284105.329	True
metabolite__Chrysoeriol_C_hexosyl_O_rhamnoside_E2	metabolite	320	238	44	38	0.30585683297180044	18847062840.341682	True
metabolite__Hesperidin_E2	metabolite	320	238	44	38	0.30585683297180044	594245421.3156348	True
metabolite__Chrysoeriol_di_C_hexoside_E2	metabolite	320	238	44	38	0.30585683297180044	19895809959.733543	True
metabolite__Tricin_O_pentosyl_O_hexoside_E2	metabolite	320	238	44	38	0.30585683297180044	44145873147.29526	True
metabolite__Tricin_O_rhamnosyl_O_hexoside_E2	metabolite	320	238	44	38	0.30585683297180044	1476147659614.8872	True
metabolite__3p_4p_5p_Tricetin_O_rhamnosyl_O_hexoside_E2	metabolite	320	238	44	38	0.30585683297180044	2532717506.0701804	True
metabolite__Malvidin_di_O_hexoside_E2	metabolite	320	238	44	38	0.30585683297180044	171181122084.6238	True
agri_aa_oil__AA_Asp	agri_aa_oil	412	289	60	63	0.10629067245119306	2.0625703924117746	True
agri_aa_oil__AA_Thr	agri_aa_oil	412	289	60	63	0.10629067245119306	0.27519195329963764	True
agri_aa_oil__AA_Ser	agri_aa_oil	412	289	60	63	0.10629067245119306	1.0098851626607328	True
agri_aa_oil__AA_Glu	agri_aa_oil	412	289	60	63	0.10629067245119306	22.17920333399682	True
agri_aa_oil__AA_Gly	agri_aa_oil	412	289	60	63	0.10629067245119306	0.4834720657450135	True
agri_aa_oil__AA_Ala	agri_aa_oil	412	289	60	63	0.10629067245119306	59.19802690654694	True
agri_aa_oil__AA_Cys	agri_aa_oil	412	289	60	63	0.10629067245119306	1.3350201814966276	True
agri_aa_oil__AA_Val	agri_aa_oil	412	289	60	63	0.10629067245119306	0.8625076661060047	True
agri_aa_oil__AA_Met	agri_aa_oil	412	289	60	63	0.10629067245119306	0.5734412431369236	True
agri_aa_oil__AA_Ile	agri_aa_oil	412	289	60	63	0.10629067245119306	0.42694818122504574	True
agri_aa_oil__AA_Leu	agri_aa_oil	412	289	60	63	0.10629067245119306	9.765276794271868	True
agri_aa_oil__AA_Tyr	agri_aa_oil	412	289	60	63	0.10629067245119306	0.7059765361167253	True
agri_aa_oil__AA_Phe	agri_aa_oil	412	289	60	63	0.10629067245119306	1.1537942414037468	True
agri_aa_oil__AA_Lys	agri_aa_oil	412	289	60	63	0.10629067245119306	0.4473248383872575	True
agri_aa_oil__AA_NH3	agri_aa_oil	412	289	60	63	0.10629067245119306	0.8890348987616181	True
agri_aa_oil__AA_His	agri_aa_oil	412	289	60	63	0.10629067245119306	0.2660773838934305	True
agri_aa_oil__AA_Arg	agri_aa_oil	412	289	60	63	0.10629067245119306	1.2524811226224948	True
agri_aa_oil__AA_Pro	agri_aa_oil	412	289	60	63	0.10629067245119306	2.553625180270866	True
agri_aa_oil__AA_total	agri_aa_oil	412	289	60	63	0.10629067245119306	393.1625347508891	True
agri_aa_oil__Plantheight	agri_aa_oil	459	321	68	70	0.004338394793926281	449.48030207462637	True
agri_aa_oil__Earheight	agri_aa_oil	459	321	68	70	0.004338394793926281	180.07002262230978	True
agri_aa_oil__Earleafwidth	agri_aa_oil	459	321	68	70	0.004338394793926281	0.6749304747945771	True
agri_aa_oil__Earleaflength	agri_aa_oil	459	321	68	70	0.004338394793926281	50.59300347269648	True
agri_aa_oil__Tasselmainaxislength	agri_aa_oil	459	321	68	70	0.004338394793926281	11.03070153448124	True
agri_aa_oil__Tasselbranchnumber	agri_aa_oil	459	321	68	70	0.004338394793926281	11.127980710159752	True
agri_aa_oil__Leafnumberaboveear	agri_aa_oil	459	321	68	70	0.004338394793926281	0.36712407943127023	True
agri_aa_oil__Earlength	agri_aa_oil	459	321	68	70	0.004338394793926281	1.803414165274599	True
agri_aa_oil__Eardiameter	agri_aa_oil	459	321	68	70	0.004338394793926281	0.09555179396223089	True
agri_aa_oil__Cobdiameter	agri_aa_oil	459	321	68	70	0.004338394793926281	0.06275362978165798	True
agri_aa_oil__Earrownumber	agri_aa_oil	459	321	68	70	0.004338394793926281	2.2164631969233746	True
agri_aa_oil__Kernernumberperrow	agri_aa_oil	459	321	68	70	0.004338394793926281	6.085513065952879	True
agri_aa_oil__100grainweight	agri_aa_oil	456	320	66	70	0.010845986984815648	6.417899206559154	True
agri_aa_oil__cobweight	agri_aa_oil	458	321	68	69	0.006507592190889366	16.337384380242643	True
agri_aa_oil__kernellength	agri_aa_oil	458	320	68	70	0.006507592190889366	0.5960559491104512	True
agri_aa_oil__Kernelwidth	agri_aa_oil	458	320	68	70	0.006507592190889366	0.34207362465050756	True
agri_aa_oil__Kernelthickness	agri_aa_oil	458	320	68	70	0.006507592190889366	0.09897520044740123	True
agri_aa_oil__Silkingtime	agri_aa_oil	459	321	68	70	0.004338394793926281	12.473752177992944	True
agri_aa_oil__Pollenshed	agri_aa_oil	459	321	68	70	0.004338394793926281	13.205078182487275	True
agri_aa_oil__Headingdate	agri_aa_oil	459	321	68	70	0.004338394793926281	13.494123969241098	True
agri_aa_oil__cobcolor	agri_aa_oil	0	0	0	0	1.0		False
agri_aa_oil__Oil_C16_0	agri_aa_oil	440	306	67	67	0.045553145336225564	0.03433252950805442	True
agri_aa_oil__Oil_C16_1	agri_aa_oil	440	306	67	67	0.045553145336225564	5.947209810323703e-06	True
agri_aa_oil__Oil_C18_0	agri_aa_oil	440	306	67	67	0.045553145336225564	0.002541414841912425	True
agri_aa_oil__Oil_C18_1	agri_aa_oil	440	306	67	67	0.045553145336225564	0.5523392154616097	True
agri_aa_oil__Oil_C18_2	agri_aa_oil	440	306	67	67	0.045553145336225564	0.522780248244523	True
agri_aa_oil__Oil_C18_3	agri_aa_oil	440	306	67	67	0.045553145336225564	8.94600860942383e-05	True
agri_aa_oil__Oil_C20_0	agri_aa_oil	440	306	67	67	0.045553145336225564	8.910272736354148e-05	True
agri_aa_oil__Oil_C20_1	agri_aa_oil	440	306	67	67	0.045553145336225564	3.6765852140875384e-05	True
agri_aa_oil__Oil_C22_0	agri_aa_oil	440	306	67	67	0.045553145336225564	5.4987405556241746e-06	True
agri_aa_oil__Oil_C24_0	agri_aa_oil	440	306	67	67	0.045553145336225564	7.5018550909876485e-06	True
agri_aa_oil__Oil_OIL	agri_aa_oil	440	306	67	67	0.045553145336225564	2.6147726205600534	True
agri_aa_oil__Oil_C16_0P	agri_aa_oil	440	306	67	67	0.045553145336225564	2.864724140534501	True
agri_aa_oil__Oil_C16_1P	agri_aa_oil	440	306	67	67	0.045553145336225564	0.0016116690334497378	True
agri_aa_oil__Oil_C18_0P	agri_aa_oil	440	306	67	67	0.045553145336225564	0.2504620844409458	True
agri_aa_oil__Oil_C18_1P	agri_aa_oil	440	306	67	67	0.045553145336225564	38.159605786750966	True
agri_aa_oil__Oil_C18_2P	agri_aa_oil	440	306	67	67	0.045553145336225564	34.17360458855153	True
agri_aa_oil__Oil_C18_3P	agri_aa_oil	440	306	67	67	0.045553145336225564	0.08714137661320129	True
agri_aa_oil__Oil_C20_0P	agri_aa_oil	440	306	67	67	0.045553145336225564	0.009331873962638617	True
agri_aa_oil__Oil_C20_1P	agri_aa_oil	440	306	67	67	0.045553145336225564	0.0027844093907619673	True
agri_aa_oil__Oil_C22_0P	agri_aa_oil	440	306	67	67	0.045553145336225564	0.0023153720210359187	True
agri_aa_oil__Oil_C24_0P	agri_aa_oil	440	306	67	67	0.045553145336225564	0.00596978934221654	True
agri_aa_oil__Oil_C160_C161	agri_aa_oil	440	306	67	67	0.045553145336225564	212.2866743427034	True
agri_aa_oil__Oil_C160_C180	agri_aa_oil	440	306	67	67	0.045553145336225564	3.0262603480812817	True
agri_aa_oil__Oil_C180_C181	agri_aa_oil	440	306	67	67	0.045553145336225564	0.00048295952666414283	True
agri_aa_oil__Oil_C181_C182	agri_aa_oil	440	306	67	67	0.045553145336225564	0.04219410575703358	True
agri_aa_oil__Oil_C182_C183	agri_aa_oil	440	306	67	67	0.045553145336225564	89.83068048869198	True
agri_aa_oil__Oil_C180_C200	agri_aa_oil	440	306	67	67	0.045553145336225564	0.6880685876307729	True
agri_aa_oil__Oil_C200_C201	agri_aa_oil	440	306	67	67	0.045553145336225564	0.08443433833858698	True
agri_aa_oil__Oil_C200_C220	agri_aa_oil	440	306	67	67	0.045553145336225564	0.22213762439222004	True
agri_aa_oil__Oil_C220_C240	agri_aa_oil	440	306	67	67	0.045553145336225564	0.026308576007413435	True
agri_aa_oil__Oil_SFA_USFA	agri_aa_oil	440	306	67	67	0.045553145336225564	0.0007210654204242963	True
