locus_id	trait	chrom	locus_start	locus_end	top_variant_id	top_p_value	top_minus_log10_p	best_significance_class	top_candidate_gene_id	candidate_gene_descriptions	recurrent_traits	has_ridge_attribution_support	functional_keyword_classes	priority_score	priority_tier	trait_short	evidence_level	evidence_label	primary_candidate_gene	citation_ids
agri_aa_oil__Oil_C200_C220__L043	agri_aa_oil__Oil_C200_C220	6	107129063	108250161	chr6.s_108212452	2.348284e-25	24.62924938094476	bonferroni_0_05	Zm00001d036982	Zm00001d036949: Serine/threonine-protein phosphatase PP2A-5 catalytic subunit | Zm00001d036956: Tetraspanin-2 | Zm00001d036972: Putative leucine-rich repeat receptor-like protein kinase family protein   | Zm00001d036981: K(+) efflux antiporter 4 | Zm00001d036982:  linoleic acid1	7	True	fatty_acid_lipid	156.3282193852808	tier1_main_text	Oil_C200_C220	A_direct_prior_lipid_locus	Direct chromosome-6 fatty-acid/oil prior plus local lipid gene annotation	Zm00001d036982	Alrefai1995_Genome;Cook2012_PlantPhysiol;Li2013_NatGenet;Liu2023_FrontPlantSci
agri_aa_oil__Oil_C18_1__L049	agri_aa_oil__Oil_C18_1	6	106378337	108218435	chr6.s_108218435	4.545209e-19	18.34244614204381	bonferroni_0_05	Zm00001d036982	Zm00001d036918: Auxin-responsive protein IAA15 | Zm00001d036933: Aldehyde dehydrogenase family 2 member C4 | Zm00001d036949: Serine/threonine-protein phosphatase PP2A-5 catalytic subunit | Zm00001d036956: Tetraspanin-2 | Zm00001d036978: HAD superfamily subfamily IIIB acid phosphatase | Zm00001d036982:  linoleic acid1	7	True	fatty_acid_lipid;hormone_stress_regulatory	154.12059739242744	tier1_main_text	Oil_C18_1	A_direct_prior_lipid_locus	Direct chromosome-6 fatty-acid/oil prior plus local lipid gene annotation	Zm00001d036982	Alrefai1995_Genome;Cook2012_PlantPhysiol;Li2013_NatGenet;Liu2023_FrontPlantSci
agri_aa_oil__Oil_C20_1__L049	agri_aa_oil__Oil_C20_1	6	105649792	108811583	chr6.s_108218435	2.007069e-11	10.6974376968677	bonferroni_0_05	Zm00001d036982	Zm00001d036888: D-aminoacyl-tRNA deacylase | Zm00001d036919: Palmitoyl-acyl carrier protein thioesterase chloroplastic | Zm00001d036922: 3-N-debenzoyl-2-deoxytaxol N-benzoyltransferase   | Zm00001d036933: Aldehyde dehydrogenase family 2 member C4 | Zm00001d036947: Leucine-rich repeat protein kinase family protein | Zm00001d036949: Serine/threonine-protein phosphatase PP2A-5 catalytic subunit | Zm00001d036965: Zinc transporter 4   | Zm00001d036975: no description | Zm00001d036978: HAD superfamily subfamily IIIB acid phosphatase | Zm00001d036982:  linoleic acid1 | Zm00001d037004: Ras-related protein RABA1d	7	True	fatty_acid_lipid;transport_membrane	148.73883038202592	tier1_main_text	Oil_C20_1	A_direct_prior_lipid_locus	Direct chromosome-6 fatty-acid/oil prior plus local lipid gene annotation	Zm00001d036982	Alrefai1995_Genome;Cook2012_PlantPhysiol;Li2013_NatGenet;Liu2023_FrontPlantSci
agri_aa_oil__Oil_C20_0__L045	agri_aa_oil__Oil_C20_0	6	106564160	108811583	chr6.s_108218435	4.693594e-11	10.32849447996655	bonferroni_0_05	Zm00001d036982	Zm00001d036922: 3-N-debenzoyl-2-deoxytaxol N-benzoyltransferase   | Zm00001d036927: ABC transporter A family member 7 | Zm00001d036933: Aldehyde dehydrogenase family 2 member C4 | Zm00001d036947: Leucine-rich repeat protein kinase family protein | Zm00001d036949: Serine/threonine-protein phosphatase PP2A-5 catalytic subunit | Zm00001d036956: Tetraspanin-2 | Zm00001d036965: Zinc transporter 4   | Zm00001d036975: no description | Zm00001d036978: HAD superfamily subfamily IIIB acid phosphatase | Zm00001d036982:  linoleic acid1 | Zm00001d037004: Ras-related protein RABA1d	7	True	fatty_acid_lipid;transport_membrane	148.36988716512477	tier1_main_text	Oil_C20_0	A_direct_prior_lipid_locus	Direct chromosome-6 fatty-acid/oil prior plus local lipid gene annotation	Zm00001d036982	Alrefai1995_Genome;Cook2012_PlantPhysiol;Li2013_NatGenet;Liu2023_FrontPlantSci
agri_aa_oil__Oil_C18_0__L057	agri_aa_oil__Oil_C18_0	6	106780881	108212452	chr6.s_108212452	4.249377000000001e-17	16.371674737077928	bonferroni_0_05	Zm00001d036982	Zm00001d036933: Aldehyde dehydrogenase family 2 member C4 | Zm00001d036956: Tetraspanin-2 | Zm00001d036982:  linoleic acid1	7	True	fatty_acid_lipid	147.84879599179757	tier1_main_text	Oil_C18_0	A_direct_prior_lipid_locus	Direct chromosome-6 fatty-acid/oil prior plus local lipid gene annotation	Zm00001d036982	Alrefai1995_Genome;Cook2012_PlantPhysiol;Li2013_NatGenet;Liu2023_FrontPlantSci
agri_aa_oil__Oil_OIL__L049	agri_aa_oil__Oil_OIL	6	108218435	108218435	chr6.s_108218435	3.395365e-10	9.469113532439351	bonferroni_0_05	Zm00001d036982	Zm00001d036982:  linoleic acid1	7	True	fatty_acid_lipid	140.46911353243934	tier1_main_text	Oil_OIL	A_direct_prior_lipid_locus	Direct chromosome-6 fatty-acid/oil prior plus local lipid gene annotation	Zm00001d036982	Alrefai1995_Genome;Cook2012_PlantPhysiol;Li2013_NatGenet;Liu2023_FrontPlantSci
agri_aa_oil__Oil_C16_0__L052	agri_aa_oil__Oil_C16_0	6	108218435	108218435	chr6.s_108218435	1.386503e-08	7.858079186394784	bonferroni_0_05	Zm00001d036982	Zm00001d036982:  linoleic acid1	7	True	fatty_acid_lipid	138.85807918639478	tier1_main_text	Oil_C16_0	A_direct_prior_lipid_locus	Direct chromosome-6 fatty-acid/oil prior plus local lipid gene annotation	Zm00001d036982	Alrefai1995_Genome;Cook2012_PlantPhysiol;Li2013_NatGenet;Liu2023_FrontPlantSci
agri_aa_oil__Oil_OIL__L027	agri_aa_oil__Oil_OIL	4	32894031	34378158	chr4.s_32894031	8.7009e-10	9.060435822689662	bonferroni_0_05	Zm00001d049511	Zm00001d049511: Putative MYB DNA-binding domain superfamily protein   | Zm00001d049533: SPFH/Band 7/PHB domain-containing membrane-associated protein family | Zm00001d049551: Putative cytochrome P450 superfamily protein  	5	True	hormone_stress_regulatory;transport_membrane	109.53755707740932	tier1_main_text	Oil_OIL	C_indirect_regulatory_candidate	Multi-trait association with regulatory/membrane annotation, but no direct oil-gene evidence yet	Zm00001d049511	Li2013_NatGenet
agri_aa_oil__Oil_C18_2__L029	agri_aa_oil__Oil_C18_2	4	32894031	33618092	chr4.s_32894031	2.637183e-08	7.578859732499846	bonferroni_0_05	Zm00001d049511	Zm00001d049511: Putative MYB DNA-binding domain superfamily protein   | Zm00001d049533: SPFH/Band 7/PHB domain-containing membrane-associated protein family	5	True	hormone_stress_regulatory;transport_membrane	107.87988972816382	tier1_main_text	Oil_C18_2	C_indirect_regulatory_candidate	Multi-trait association with regulatory/membrane annotation, but no direct oil-gene evidence yet	Zm00001d049511	Li2013_NatGenet
agri_aa_oil__Oil_OIL__L008	agri_aa_oil__Oil_OIL	1	172833339	172833339	chr1.s_172833339	8.159322e-10	9.088345927507431	bonferroni_0_05	Zm00001d031002	Zm00001d031002: Tetratricopeptide repeat (TPR)-like superfamily protein	6	True		107.08834592750743	tier1_main_text	Oil_OIL	C_indirect_recurrent_candidate	Multi-trait and ridge-supported, but current gene function is broad	Zm00001d031002	Li2013_NatGenet
agri_aa_oil__Oil_C16_0__L006	agri_aa_oil__Oil_C16_0	1	172833339	172833339	chr1.s_172833339	8.227436e-08	7.08473548733258	bonferroni_0_05	Zm00001d031002	Zm00001d031002: Tetratricopeptide repeat (TPR)-like superfamily protein	6	True		105.08473548733258	tier1_main_text	Oil_C16_0	C_indirect_recurrent_candidate	Multi-trait and ridge-supported, but current gene function is broad	Zm00001d031002	Li2013_NatGenet
agri_aa_oil__Oil_C18_1__L004	agri_aa_oil__Oil_C18_1	1	172833339	172833339	chr1.s_172833339	1.003662e-07	6.998412518515067	bonferroni_0_05	Zm00001d031002	Zm00001d031002: Tetratricopeptide repeat (TPR)-like superfamily protein	6	True		104.99841251851508	tier1_main_text	Oil_C18_1	C_indirect_recurrent_candidate	Multi-trait and ridge-supported, but current gene function is broad	Zm00001d031002	Li2013_NatGenet
agri_aa_oil__Oil_C16_1__L012	agri_aa_oil__Oil_C16_1	1	172833849	172833849	chr1.s_172833849	2.081623e-07	6.681597922205481	bonferroni_0_05	Zm00001d031002	Zm00001d031002: Tetratricopeptide repeat (TPR)-like superfamily protein	6	True		104.68159792220548	tier1_main_text	Oil_C16_1	C_indirect_recurrent_candidate	Multi-trait and ridge-supported, but current gene function is broad	Zm00001d031002	Li2013_NatGenet
agri_aa_oil__Oil_C18_1__L064	agri_aa_oil__Oil_C18_1	8	39633330	39633330	chr8.s_39633330	7.073928e-15	14.150339364843832	bonferroni_0_05	Zm00001d009150	Zm00001d009150: Sec23/Sec24 protein transport family protein	5	True		104.15033936484384	tier1_main_text	Oil_C18_1	C_indirect_transport_candidate	Strong recurrent region with protein-transport annotation	Zm00001d009150	Li2013_NatGenet
agri_aa_oil__Oil_OIL__L066	agri_aa_oil__Oil_OIL	8	39633330	39633330	chr8.s_39633330	1.516051e-14	13.819286188779143	bonferroni_0_05	Zm00001d009150	Zm00001d009150: Sec23/Sec24 protein transport family protein	5	True		103.81928618877916	tier1_main_text	Oil_OIL	C_indirect_transport_candidate	Strong recurrent region with protein-transport annotation	Zm00001d009150	Li2013_NatGenet
agri_aa_oil__Oil_C20_0__L059	agri_aa_oil__Oil_C20_0	8	39633330	39633330	chr8.s_39633330	3.922545e-12	11.406432065423733	bonferroni_0_05	Zm00001d009150	Zm00001d009150: Sec23/Sec24 protein transport family protein	5	True		101.40643206542372	tier1_main_text	Oil_C20_0	C_indirect_transport_candidate	Strong recurrent region with protein-transport annotation	Zm00001d009150	Li2013_NatGenet
agri_aa_oil__Oil_C20_1__L059	agri_aa_oil__Oil_C20_1	8	39633330	39633330	chr8.s_39633330	5.852678e-09	8.232645369046592	bonferroni_0_05	Zm00001d009150	Zm00001d009150: Sec23/Sec24 protein transport family protein	5	True		98.2326453690466	tier1_main_text	Oil_C20_1	C_indirect_transport_candidate	Strong recurrent region with protein-transport annotation	Zm00001d009150	Li2013_NatGenet
agri_aa_oil__Oil_C18_2__L070	agri_aa_oil__Oil_C18_2	8	39633330	39633330	chr8.s_39633330	1.198303e-08	7.92143335340773	bonferroni_0_05	Zm00001d009150	Zm00001d009150: Sec23/Sec24 protein transport family protein	5	True		97.92143335340774	tier1_main_text	Oil_C18_2	C_indirect_transport_candidate	Strong recurrent region with protein-transport annotation	Zm00001d009150	Li2013_NatGenet
