stock_name	*germplasm_type	alias	*genus	*species	maternal_parent	paternal_parent	mutation_parent	selfing_parent	pedigree	description	origin	comments	stock_name_norm	alias_norm	source_book
150	cultivar		Zea	mays cultivar:B73					test-pedigree-150			AMP	150		metabolite_183_known
177	cultivar		Zea	mays cultivar:B73					test-pedigree-177			AMP	177		metabolite_183_known
238	cultivar		Zea	mays cultivar:B73					test-pedigree-238			AMP	238		metabolite_183_known
268	cultivar		Zea	mays cultivar:B73					test-pedigree-268			AMP	268		metabolite_183_known
501	cultivar		Zea	mays cultivar:B73					test-pedigree-501			AMP	501		metabolite_183_known
647	cultivar		Zea	mays cultivar:B73					test-pedigree-647			AMP	647		metabolite_183_known
812	cultivar		Zea	mays cultivar:B73					test-pedigree-812			AMP	812		metabolite_183_known
1323	cultivar		Zea	mays cultivar:B73					test-pedigree-1323			AMP	1323		metabolite_183_known
1462	cultivar		Zea	mays cultivar:B73					test-pedigree-1462			AMP	1462		metabolite_183_known
3411	cultivar		Zea	mays cultivar:B73					test-pedigree-3411			AMP	3411		metabolite_183_known
4019	cultivar		Zea	mays cultivar:B73					test-pedigree-4019			AMP	4019		metabolite_183_known
5213	cultivar		Zea	mays cultivar:B73					test-pedigree-5213			AMP	5213		metabolite_183_known
5237	cultivar		Zea	mays cultivar:B73					test-pedigree-5237			AMP	5237		metabolite_183_known
5311	cultivar		Zea	mays cultivar:B73					test-pedigree-5311			AMP	5311		metabolite_183_known
7327	cultivar		Zea	mays cultivar:B73					test-pedigree-7327			AMP	7327		metabolite_183_known
7381	cultivar		Zea	mays cultivar:B73					test-pedigree-7381			AMP	7381		metabolite_183_known
8902	cultivar		Zea	mays cultivar:B73					test-pedigree-8902			AMP	8902		metabolite_183_known
9642	cultivar		Zea	mays cultivar:B73					test-pedigree-9642			AMP	9642		metabolite_183_known
9782	cultivar		Zea	mays cultivar:B73					test-pedigree-9782			AMP	9782		metabolite_183_known
81162	cultivar		Zea	mays cultivar:B73					test-pedigree-81162			AMP	81162		metabolite_183_known
526018	cultivar		Zea	mays cultivar:B73					test-pedigree-526018			AMP	526018		metabolite_183_known
04K5672	cultivar		Zea	mays cultivar:B73					test-pedigree-04K5672			AMP	04K5672		metabolite_183_known
04K5686	cultivar		Zea	mays cultivar:B73					test-pedigree-04K5686			AMP	04K5686		metabolite_183_known
04K5702	cultivar		Zea	mays cultivar:B73					test-pedigree-04K5702			AMP	04K5702		metabolite_183_known
05W002	cultivar		Zea	mays cultivar:B73					test-pedigree-05W002			AMP	05W002		metabolite_183_known
05WN230	cultivar		Zea	mays cultivar:B73					test-pedigree-05WN230			AMP	05WN230		metabolite_183_known
07KS4	cultivar		Zea	mays cultivar:B73					test-pedigree-07KS4			AMP	07KS4		metabolite_183_known
18-599	cultivar		Zea	mays cultivar:B73					test-pedigree-18-599			AMP	18-599		metabolite_183_known
303WX	cultivar		Zea	mays cultivar:B73					test-pedigree-303WX			AMP	303WX		metabolite_183_known
384-2	cultivar		Zea	mays cultivar:B73					test-pedigree-384-2			AMP	384-2		metabolite_183_known
3H-2	cultivar		Zea	mays cultivar:B73					test-pedigree-3H-2			AMP	3H-2		metabolite_183_known
4F1	cultivar		Zea	mays cultivar:B73					test-pedigree-4F1			AMP	4F1		metabolite_183_known
7884-4HT	cultivar		Zea	mays cultivar:B73					test-pedigree-7884-4HT			AMP	7884-4HT		metabolite_183_known
835A	cultivar		Zea	mays cultivar:B73					test-pedigree-835A			AMP	835A		metabolite_183_known
835B	cultivar		Zea	mays cultivar:B73					test-pedigree-835B			AMP	835B		metabolite_183_known
975-12	cultivar		Zea	mays cultivar:B73					test-pedigree-975-12			AMP	975-12		metabolite_183_known
A619	cultivar		Zea	mays cultivar:B73					test-pedigree-A619			AMP	A619		metabolite_183_known
B11	cultivar		Zea	mays cultivar:B73					test-pedigree-B11			AMP	B11		metabolite_183_known
B110	cultivar		Zea	mays cultivar:B73					test-pedigree-B110			AMP	B110		metabolite_183_known
B111	cultivar		Zea	mays cultivar:B73					test-pedigree-B111			AMP	B111		metabolite_183_known
B113	cultivar		Zea	mays cultivar:B73					test-pedigree-B113			AMP	B113		metabolite_183_known
B114	cultivar		Zea	mays cultivar:B73					test-pedigree-B114			AMP	B114		metabolite_183_known
B151	cultivar		Zea	mays cultivar:B73					test-pedigree-B151			AMP	B151		metabolite_183_known
B73	cultivar		Zea	mays cultivar:B73					test-pedigree-B73			AMP	B73		metabolite_183_known
B77	cultivar		Zea	mays cultivar:B73					test-pedigree-B77			AMP	B77		metabolite_183_known
BEM	cultivar		Zea	mays cultivar:B73					test-pedigree-BEM			AMP	BEM		metabolite_183_known
BGY	cultivar		Zea	mays cultivar:B73					test-pedigree-BGY			AMP	BGY		metabolite_183_known
BS16	cultivar		Zea	mays cultivar:B73					test-pedigree-BS16			AMP	BS16		metabolite_183_known
BY4839	cultivar		Zea	mays cultivar:B73					test-pedigree-BY4839			AMP	BY4839		metabolite_183_known
BY4944	cultivar		Zea	mays cultivar:B73					test-pedigree-BY4944			AMP	BY4944		metabolite_183_known
BY4960	cultivar		Zea	mays cultivar:B73					test-pedigree-BY4960			AMP	BY4960		metabolite_183_known
BY804	cultivar		Zea	mays cultivar:B73					test-pedigree-BY804			AMP	BY804		metabolite_183_known
BY807	cultivar		Zea	mays cultivar:B73					test-pedigree-BY807			AMP	BY807		metabolite_183_known
BY809	cultivar		Zea	mays cultivar:B73					test-pedigree-BY809			AMP	BY809		metabolite_183_known
BY813	cultivar		Zea	mays cultivar:B73					test-pedigree-BY813			AMP	BY813		metabolite_183_known
BY815	cultivar		Zea	mays cultivar:B73					test-pedigree-BY815			AMP	BY815		metabolite_183_known
BY843	cultivar		Zea	mays cultivar:B73					test-pedigree-BY843			AMP	BY843		metabolite_183_known
BY855	cultivar		Zea	mays cultivar:B73					test-pedigree-BY855			AMP	BY855		metabolite_183_known
BZN	cultivar		Zea	mays cultivar:B73					test-pedigree-BZN			AMP	BZN		metabolite_183_known
C8605	cultivar		Zea	mays cultivar:B73					test-pedigree-C8605			AMP	C8605		metabolite_183_known
CA47	cultivar		Zea	mays cultivar:B73					test-pedigree-CA47			AMP	CA47		metabolite_183_known
CF3	cultivar		Zea	mays cultivar:B73					test-pedigree-CF3			AMP	CF3		metabolite_183_known
CHANG3	cultivar		Zea	mays cultivar:B73					test-pedigree-CHANG3			AMP	CHANG3		metabolite_183_known
CHANG7-2	cultivar		Zea	mays cultivar:B73					test-pedigree-CHANG7-2			AMP	CHANG7-2		metabolite_183_known
CHENG698	cultivar		Zea	mays cultivar:B73					test-pedigree-CHENG698			AMP	CHENG698		metabolite_183_known
CHUAN48-2	cultivar		Zea	mays cultivar:B73					test-pedigree-CHUAN48-2			AMP	CHUAN48-2		metabolite_183_known
CI7	cultivar		Zea	mays cultivar:B73					test-pedigree-CI7			AMP	CI7		metabolite_183_known
CIMBL1	cultivar		Zea	mays cultivar:B73					test-pedigree-CIMBL1			AMP	CIMBL1		metabolite_183_known
CIMBL10	cultivar		Zea	mays cultivar:B73					test-pedigree-CIMBL10			AMP	CIMBL10		metabolite_183_known
CIMBL100	cultivar		Zea	mays cultivar:B73					test-pedigree-CIMBL100			AMP	CIMBL100		metabolite_183_known
CIMBL101	cultivar		Zea	mays cultivar:B73					test-pedigree-CIMBL101			AMP	CIMBL101		metabolite_183_known
CIMBL102	cultivar		Zea	mays cultivar:B73					test-pedigree-CIMBL102			AMP	CIMBL102		metabolite_183_known
CIMBL103	cultivar		Zea	mays cultivar:B73					test-pedigree-CIMBL103			AMP	CIMBL103		metabolite_183_known
CIMBL105	cultivar		Zea	mays cultivar:B73					test-pedigree-CIMBL105			AMP	CIMBL105		metabolite_183_known
CIMBL106	cultivar		Zea	mays cultivar:B73					test-pedigree-CIMBL106			AMP	CIMBL106		metabolite_183_known
CIMBL107	cultivar		Zea	mays cultivar:B73					test-pedigree-CIMBL107			AMP	CIMBL107		metabolite_183_known
CIMBL108	cultivar		Zea	mays cultivar:B73					test-pedigree-CIMBL108			AMP	CIMBL108		metabolite_183_known
CIMBL109	cultivar		Zea	mays cultivar:B73					test-pedigree-CIMBL109			AMP	CIMBL109		metabolite_183_known
CIMBL11	cultivar		Zea	mays cultivar:B73					test-pedigree-CIMBL11			AMP	CIMBL11		metabolite_183_known
CIMBL110	cultivar		Zea	mays cultivar:B73					test-pedigree-CIMBL110			AMP	CIMBL110		metabolite_183_known
CIMBL111	cultivar		Zea	mays cultivar:B73					test-pedigree-CIMBL111			AMP	CIMBL111		metabolite_183_known
CIMBL112	cultivar		Zea	mays cultivar:B73					test-pedigree-CIMBL112			AMP	CIMBL112		metabolite_183_known
CIMBL113	cultivar		Zea	mays cultivar:B73					test-pedigree-CIMBL113			AMP	CIMBL113		metabolite_183_known
CIMBL114	cultivar		Zea	mays cultivar:B73					test-pedigree-CIMBL114			AMP	CIMBL114		metabolite_183_known
CIMBL115	cultivar		Zea	mays cultivar:B73					test-pedigree-CIMBL115			AMP	CIMBL115		metabolite_183_known
CIMBL116	cultivar		Zea	mays cultivar:B73					test-pedigree-CIMBL116			AMP	CIMBL116		metabolite_183_known
CIMBL117	cultivar		Zea	mays cultivar:B73					test-pedigree-CIMBL117			AMP	CIMBL117		metabolite_183_known
CIMBL118	cultivar		Zea	mays cultivar:B73					test-pedigree-CIMBL118			AMP	CIMBL118		metabolite_183_known
CIMBL119	cultivar		Zea	mays cultivar:B73					test-pedigree-CIMBL119			AMP	CIMBL119		metabolite_183_known
CIMBL12	cultivar		Zea	mays cultivar:B73					test-pedigree-CIMBL12			AMP	CIMBL12		metabolite_183_known
CIMBL120	cultivar		Zea	mays cultivar:B73					test-pedigree-CIMBL120			AMP	CIMBL120		metabolite_183_known
CIMBL121	cultivar		Zea	mays cultivar:B73					test-pedigree-CIMBL121			AMP	CIMBL121		metabolite_183_known
CIMBL122	cultivar		Zea	mays cultivar:B73					test-pedigree-CIMBL122			AMP	CIMBL122		metabolite_183_known
CIMBL123	cultivar		Zea	mays cultivar:B73					test-pedigree-CIMBL123			AMP	CIMBL123		metabolite_183_known
CIMBL124	cultivar		Zea	mays cultivar:B73					test-pedigree-CIMBL124			AMP	CIMBL124		metabolite_183_known
CIMBL125	cultivar		Zea	mays cultivar:B73					test-pedigree-CIMBL125			AMP	CIMBL125		metabolite_183_known
CIMBL126	cultivar		Zea	mays cultivar:B73					test-pedigree-CIMBL126			AMP	CIMBL126		metabolite_183_known
CIMBL127	cultivar		Zea	mays cultivar:B73					test-pedigree-CIMBL127			AMP	CIMBL127		metabolite_183_known
CIMBL128	cultivar		Zea	mays cultivar:B73					test-pedigree-CIMBL128			AMP	CIMBL128		metabolite_183_known
CIMBL129	cultivar		Zea	mays cultivar:B73					test-pedigree-CIMBL129			AMP	CIMBL129		metabolite_183_known
CIMBL13	cultivar		Zea	mays cultivar:B73					test-pedigree-CIMBL13			AMP	CIMBL13		metabolite_183_known
CIMBL133	cultivar		Zea	mays cultivar:B73					test-pedigree-CIMBL133			AMP	CIMBL133		metabolite_183_known
CIMBL134	cultivar		Zea	mays cultivar:B73					test-pedigree-CIMBL134			AMP	CIMBL134		metabolite_183_known
CIMBL136	cultivar		Zea	mays cultivar:B73					test-pedigree-CIMBL136			AMP	CIMBL136		metabolite_183_known
CIMBL137	cultivar		Zea	mays cultivar:B73					test-pedigree-CIMBL137			AMP	CIMBL137		metabolite_183_known
CIMBL138	cultivar		Zea	mays cultivar:B73					test-pedigree-CIMBL138			AMP	CIMBL138		metabolite_183_known
CIMBL139	cultivar		Zea	mays cultivar:B73					test-pedigree-CIMBL139			AMP	CIMBL139		metabolite_183_known
CIMBL14	cultivar		Zea	mays cultivar:B73					test-pedigree-CIMBL14			AMP	CIMBL14		metabolite_183_known
CIMBL140	cultivar		Zea	mays cultivar:B73					test-pedigree-CIMBL140			AMP	CIMBL140		metabolite_183_known
CIMBL141	cultivar		Zea	mays cultivar:B73					test-pedigree-CIMBL141			AMP	CIMBL141		metabolite_183_known
CIMBL142	cultivar		Zea	mays cultivar:B73					test-pedigree-CIMBL142			AMP	CIMBL142		metabolite_183_known
CIMBL143	cultivar		Zea	mays cultivar:B73					test-pedigree-CIMBL143			AMP	CIMBL143		metabolite_183_known
CIMBL144	cultivar		Zea	mays cultivar:B73					test-pedigree-CIMBL144			AMP	CIMBL144		metabolite_183_known
CIMBL145	cultivar		Zea	mays cultivar:B73					test-pedigree-CIMBL145			AMP	CIMBL145		metabolite_183_known
CIMBL146	cultivar		Zea	mays cultivar:B73					test-pedigree-CIMBL146			AMP	CIMBL146		metabolite_183_known
CIMBL147	cultivar		Zea	mays cultivar:B73					test-pedigree-CIMBL147			AMP	CIMBL147		metabolite_183_known
CIMBL148	cultivar		Zea	mays cultivar:B73					test-pedigree-CIMBL148			AMP	CIMBL148		metabolite_183_known
CIMBL149	cultivar		Zea	mays cultivar:B73					test-pedigree-CIMBL149			AMP	CIMBL149		metabolite_183_known
CIMBL15	cultivar		Zea	mays cultivar:B73					test-pedigree-CIMBL15			AMP	CIMBL15		metabolite_183_known
CIMBL150	cultivar		Zea	mays cultivar:B73					test-pedigree-CIMBL150			AMP	CIMBL150		metabolite_183_known
CIMBL151	cultivar		Zea	mays cultivar:B73					test-pedigree-CIMBL151			AMP	CIMBL151		metabolite_183_known
CIMBL152	cultivar		Zea	mays cultivar:B73					test-pedigree-CIMBL152			AMP	CIMBL152		metabolite_183_known
CIMBL153	cultivar		Zea	mays cultivar:B73					test-pedigree-CIMBL153			AMP	CIMBL153		metabolite_183_known
CIMBL154	cultivar		Zea	mays cultivar:B73					test-pedigree-CIMBL154			AMP	CIMBL154		metabolite_183_known
CIMBL155	cultivar		Zea	mays cultivar:B73					test-pedigree-CIMBL155			AMP	CIMBL155		metabolite_183_known
CIMBL156	cultivar		Zea	mays cultivar:B73					test-pedigree-CIMBL156			AMP	CIMBL156		metabolite_183_known
CIMBL157	cultivar		Zea	mays cultivar:B73					test-pedigree-CIMBL157			AMP	CIMBL157		metabolite_183_known
CIMBL16	cultivar		Zea	mays cultivar:B73					test-pedigree-CIMBL16			AMP	CIMBL16		metabolite_183_known
CIMBL17	cultivar		Zea	mays cultivar:B73					test-pedigree-CIMBL17			AMP	CIMBL17		metabolite_183_known
CIMBL18	cultivar		Zea	mays cultivar:B73					test-pedigree-CIMBL18			AMP	CIMBL18		metabolite_183_known
CIMBL19	cultivar		Zea	mays cultivar:B73					test-pedigree-CIMBL19			AMP	CIMBL19		metabolite_183_known
CIMBL2	cultivar		Zea	mays cultivar:B73					test-pedigree-CIMBL2			AMP	CIMBL2		metabolite_183_known
CIMBL20	cultivar		Zea	mays cultivar:B73					test-pedigree-CIMBL20			AMP	CIMBL20		metabolite_183_known
CIMBL21	cultivar		Zea	mays cultivar:B73					test-pedigree-CIMBL21			AMP	CIMBL21		metabolite_183_known
CIMBL22	cultivar		Zea	mays cultivar:B73					test-pedigree-CIMBL22			AMP	CIMBL22		metabolite_183_known
CIMBL23	cultivar		Zea	mays cultivar:B73					test-pedigree-CIMBL23			AMP	CIMBL23		metabolite_183_known
CIMBL24	cultivar		Zea	mays cultivar:B73					test-pedigree-CIMBL24			AMP	CIMBL24		metabolite_183_known
CIMBL25	cultivar		Zea	mays cultivar:B73					test-pedigree-CIMBL25			AMP	CIMBL25		metabolite_183_known
CIMBL26	cultivar		Zea	mays cultivar:B73					test-pedigree-CIMBL26			AMP	CIMBL26		metabolite_183_known
CIMBL27	cultivar		Zea	mays cultivar:B73					test-pedigree-CIMBL27			AMP	CIMBL27		metabolite_183_known
CIMBL28	cultivar		Zea	mays cultivar:B73					test-pedigree-CIMBL28			AMP	CIMBL28		metabolite_183_known
CIMBL29	cultivar		Zea	mays cultivar:B73					test-pedigree-CIMBL29			AMP	CIMBL29		metabolite_183_known
CIMBL3	cultivar		Zea	mays cultivar:B73					test-pedigree-CIMBL3			AMP	CIMBL3		metabolite_183_known
CIMBL30	cultivar		Zea	mays cultivar:B73					test-pedigree-CIMBL30			AMP	CIMBL30		metabolite_183_known
CIMBL31	cultivar		Zea	mays cultivar:B73					test-pedigree-CIMBL31			AMP	CIMBL31		metabolite_183_known
CIMBL32	cultivar		Zea	mays cultivar:B73					test-pedigree-CIMBL32			AMP	CIMBL32		metabolite_183_known
CIMBL33	cultivar		Zea	mays cultivar:B73					test-pedigree-CIMBL33			AMP	CIMBL33		metabolite_183_known
CIMBL34	cultivar		Zea	mays cultivar:B73					test-pedigree-CIMBL34			AMP	CIMBL34		metabolite_183_known
CIMBL38	cultivar		Zea	mays cultivar:B73					test-pedigree-CIMBL38			AMP	CIMBL38		metabolite_183_known
CIMBL39	cultivar		Zea	mays cultivar:B73					test-pedigree-CIMBL39			AMP	CIMBL39		metabolite_183_known
CIMBL4	cultivar		Zea	mays cultivar:B73					test-pedigree-CIMBL4			AMP	CIMBL4		metabolite_183_known
CIMBL40	cultivar		Zea	mays cultivar:B73					test-pedigree-CIMBL40			AMP	CIMBL40		metabolite_183_known
CIMBL42	cultivar		Zea	mays cultivar:B73					test-pedigree-CIMBL42			AMP	CIMBL42		metabolite_183_known
CIMBL43	cultivar		Zea	mays cultivar:B73					test-pedigree-CIMBL43			AMP	CIMBL43		metabolite_183_known
CIMBL44	cultivar		Zea	mays cultivar:B73					test-pedigree-CIMBL44			AMP	CIMBL44		metabolite_183_known
CIMBL45	cultivar		Zea	mays cultivar:B73					test-pedigree-CIMBL45			AMP	CIMBL45		metabolite_183_known
CIMBL46	cultivar		Zea	mays cultivar:B73					test-pedigree-CIMBL46			AMP	CIMBL46		metabolite_183_known
CIMBL47	cultivar		Zea	mays cultivar:B73					test-pedigree-CIMBL47			AMP	CIMBL47		metabolite_183_known
CIMBL48	cultivar		Zea	mays cultivar:B73					test-pedigree-CIMBL48			AMP	CIMBL48		metabolite_183_known
CIMBL49	cultivar		Zea	mays cultivar:B73					test-pedigree-CIMBL49			AMP	CIMBL49		metabolite_183_known
CIMBL5	cultivar		Zea	mays cultivar:B73					test-pedigree-CIMBL5			AMP	CIMBL5		metabolite_183_known
CIMBL50	cultivar		Zea	mays cultivar:B73					test-pedigree-CIMBL50			AMP	CIMBL50		metabolite_183_known
CIMBL51	cultivar		Zea	mays cultivar:B73					test-pedigree-CIMBL51			AMP	CIMBL51		metabolite_183_known
CIMBL52	cultivar		Zea	mays cultivar:B73					test-pedigree-CIMBL52			AMP	CIMBL52		metabolite_183_known
CIMBL53	cultivar		Zea	mays cultivar:B73					test-pedigree-CIMBL53			AMP	CIMBL53		metabolite_183_known
CIMBL54	cultivar		Zea	mays cultivar:B73					test-pedigree-CIMBL54			AMP	CIMBL54		metabolite_183_known
CIMBL55	cultivar		Zea	mays cultivar:B73					test-pedigree-CIMBL55			AMP	CIMBL55		metabolite_183_known
CIMBL56	cultivar		Zea	mays cultivar:B73					test-pedigree-CIMBL56			AMP	CIMBL56		metabolite_183_known
CIMBL57	cultivar		Zea	mays cultivar:B73					test-pedigree-CIMBL57			AMP	CIMBL57		metabolite_183_known
CIMBL58	cultivar		Zea	mays cultivar:B73					test-pedigree-CIMBL58			AMP	CIMBL58		metabolite_183_known
CIMBL59	cultivar		Zea	mays cultivar:B73					test-pedigree-CIMBL59			AMP	CIMBL59		metabolite_183_known
CIMBL6	cultivar		Zea	mays cultivar:B73					test-pedigree-CIMBL6			AMP	CIMBL6		metabolite_183_known
CIMBL60	cultivar		Zea	mays cultivar:B73					test-pedigree-CIMBL60			AMP	CIMBL60		metabolite_183_known
CIMBL61	cultivar		Zea	mays cultivar:B73					test-pedigree-CIMBL61			AMP	CIMBL61		metabolite_183_known
CIMBL62	cultivar		Zea	mays cultivar:B73					test-pedigree-CIMBL62			AMP	CIMBL62		metabolite_183_known
CIMBL63	cultivar		Zea	mays cultivar:B73					test-pedigree-CIMBL63			AMP	CIMBL63		metabolite_183_known
CIMBL65	cultivar		Zea	mays cultivar:B73					test-pedigree-CIMBL65			AMP	CIMBL65		metabolite_183_known
CIMBL66	cultivar		Zea	mays cultivar:B73					test-pedigree-CIMBL66			AMP	CIMBL66		metabolite_183_known
CIMBL67	cultivar		Zea	mays cultivar:B73					test-pedigree-CIMBL67			AMP	CIMBL67		metabolite_183_known
CIMBL68	cultivar		Zea	mays cultivar:B73					test-pedigree-CIMBL68			AMP	CIMBL68		metabolite_183_known
CIMBL69	cultivar		Zea	mays cultivar:B73					test-pedigree-CIMBL69			AMP	CIMBL69		metabolite_183_known
CIMBL7	cultivar		Zea	mays cultivar:B73					test-pedigree-CIMBL7			AMP	CIMBL7		metabolite_183_known
CIMBL70	cultivar		Zea	mays cultivar:B73					test-pedigree-CIMBL70			AMP	CIMBL70		metabolite_183_known
CIMBL71	cultivar		Zea	mays cultivar:B73					test-pedigree-CIMBL71			AMP	CIMBL71		metabolite_183_known
CIMBL72	cultivar		Zea	mays cultivar:B73					test-pedigree-CIMBL72			AMP	CIMBL72		metabolite_183_known
CIMBL73	cultivar		Zea	mays cultivar:B73					test-pedigree-CIMBL73			AMP	CIMBL73		metabolite_183_known
CIMBL74	cultivar		Zea	mays cultivar:B73					test-pedigree-CIMBL74			AMP	CIMBL74		metabolite_183_known
CIMBL75	cultivar		Zea	mays cultivar:B73					test-pedigree-CIMBL75			AMP	CIMBL75		metabolite_183_known
CIMBL76	cultivar		Zea	mays cultivar:B73					test-pedigree-CIMBL76			AMP	CIMBL76		metabolite_183_known
CIMBL77	cultivar		Zea	mays cultivar:B73					test-pedigree-CIMBL77			AMP	CIMBL77		metabolite_183_known
CIMBL78	cultivar		Zea	mays cultivar:B73					test-pedigree-CIMBL78			AMP	CIMBL78		metabolite_183_known
CIMBL79	cultivar		Zea	mays cultivar:B73					test-pedigree-CIMBL79			AMP	CIMBL79		metabolite_183_known
CIMBL8	cultivar		Zea	mays cultivar:B73					test-pedigree-CIMBL8			AMP	CIMBL8		metabolite_183_known
CIMBL80	cultivar		Zea	mays cultivar:B73					test-pedigree-CIMBL80			AMP	CIMBL80		metabolite_183_known
CIMBL81	cultivar		Zea	mays cultivar:B73					test-pedigree-CIMBL81			AMP	CIMBL81		metabolite_183_known
CIMBL82	cultivar		Zea	mays cultivar:B73					test-pedigree-CIMBL82			AMP	CIMBL82		metabolite_183_known
CIMBL83	cultivar		Zea	mays cultivar:B73					test-pedigree-CIMBL83			AMP	CIMBL83		metabolite_183_known
CIMBL84	cultivar		Zea	mays cultivar:B73					test-pedigree-CIMBL84			AMP	CIMBL84		metabolite_183_known
CIMBL85	cultivar		Zea	mays cultivar:B73					test-pedigree-CIMBL85			AMP	CIMBL85		metabolite_183_known
CIMBL86	cultivar		Zea	mays cultivar:B73					test-pedigree-CIMBL86			AMP	CIMBL86		metabolite_183_known
CIMBL87	cultivar		Zea	mays cultivar:B73					test-pedigree-CIMBL87			AMP	CIMBL87		metabolite_183_known
CIMBL88	cultivar		Zea	mays cultivar:B73					test-pedigree-CIMBL88			AMP	CIMBL88		metabolite_183_known
CIMBL89	cultivar		Zea	mays cultivar:B73					test-pedigree-CIMBL89			AMP	CIMBL89		metabolite_183_known
CIMBL9	cultivar		Zea	mays cultivar:B73					test-pedigree-CIMBL9			AMP	CIMBL9		metabolite_183_known
CIMBL90	cultivar		Zea	mays cultivar:B73					test-pedigree-CIMBL90			AMP	CIMBL90		metabolite_183_known
CIMBL91	cultivar		Zea	mays cultivar:B73					test-pedigree-CIMBL91			AMP	CIMBL91		metabolite_183_known
CIMBL92	cultivar		Zea	mays cultivar:B73					test-pedigree-CIMBL92			AMP	CIMBL92		metabolite_183_known
CIMBL93	cultivar		Zea	mays cultivar:B73					test-pedigree-CIMBL93			AMP	CIMBL93		metabolite_183_known
CIMBL94	cultivar		Zea	mays cultivar:B73					test-pedigree-CIMBL94			AMP	CIMBL94		metabolite_183_known
CIMBL95	cultivar		Zea	mays cultivar:B73					test-pedigree-CIMBL95			AMP	CIMBL95		metabolite_183_known
CIMBL96	cultivar		Zea	mays cultivar:B73					test-pedigree-CIMBL96			AMP	CIMBL96		metabolite_183_known
CIMBL97	cultivar		Zea	mays cultivar:B73					test-pedigree-CIMBL97			AMP	CIMBL97		metabolite_183_known
CIMBL98	cultivar		Zea	mays cultivar:B73					test-pedigree-CIMBL98			AMP	CIMBL98		metabolite_183_known
CIMBL99	cultivar		Zea	mays cultivar:B73					test-pedigree-CIMBL99			AMP	CIMBL99		metabolite_183_known
CML113	cultivar		Zea	mays cultivar:B73					test-pedigree-CML113			AMP	CML113		metabolite_183_known
CML114	cultivar		Zea	mays cultivar:B73					test-pedigree-CML114			AMP	CML114		metabolite_183_known
CML115	cultivar		Zea	mays cultivar:B73					test-pedigree-CML115			AMP	CML115		metabolite_183_known
CML116	cultivar		Zea	mays cultivar:B73					test-pedigree-CML116			AMP	CML116		metabolite_183_known
CML118	cultivar		Zea	mays cultivar:B73					test-pedigree-CML118			AMP	CML118		metabolite_183_known
CML121	cultivar		Zea	mays cultivar:B73					test-pedigree-CML121			AMP	CML121		metabolite_183_known
CML122	cultivar		Zea	mays cultivar:B73					test-pedigree-CML122			AMP	CML122		metabolite_183_known
CML130	cultivar		Zea	mays cultivar:B73					test-pedigree-CML130			AMP	CML130		metabolite_183_known
CML134	cultivar		Zea	mays cultivar:B73					test-pedigree-CML134			AMP	CML134		metabolite_183_known
CML139	cultivar		Zea	mays cultivar:B73					test-pedigree-CML139			AMP	CML139		metabolite_183_known
CML162	cultivar		Zea	mays cultivar:B73					test-pedigree-CML162			AMP	CML162		metabolite_183_known
CML163	cultivar		Zea	mays cultivar:B73					test-pedigree-CML163			AMP	CML163		metabolite_183_known
CML165	cultivar		Zea	mays cultivar:B73					test-pedigree-CML165			AMP	CML165		metabolite_183_known
CML166	cultivar		Zea	mays cultivar:B73					test-pedigree-CML166			AMP	CML166		metabolite_183_known
CML168	cultivar		Zea	mays cultivar:B73					test-pedigree-CML168			AMP	CML168		metabolite_183_known
CML169	cultivar		Zea	mays cultivar:B73					test-pedigree-CML169			AMP	CML169		metabolite_183_known
CML170	cultivar		Zea	mays cultivar:B73					test-pedigree-CML170			AMP	CML170		metabolite_183_known
CML171	cultivar		Zea	mays cultivar:B73					test-pedigree-CML171			AMP	CML171		metabolite_183_known
CML172	cultivar		Zea	mays cultivar:B73					test-pedigree-CML172			AMP	CML172		metabolite_183_known
CML189	cultivar		Zea	mays cultivar:B73					test-pedigree-CML189			AMP	CML189		metabolite_183_known
CML191	cultivar		Zea	mays cultivar:B73					test-pedigree-CML191			AMP	CML191		metabolite_183_known
CML192	cultivar		Zea	mays cultivar:B73					test-pedigree-CML192			AMP	CML192		metabolite_183_known
CML20	cultivar		Zea	mays cultivar:B73					test-pedigree-CML20			AMP	CML20		metabolite_183_known
CML223	cultivar		Zea	mays cultivar:B73					test-pedigree-CML223			AMP	CML223		metabolite_183_known
CML225	cultivar		Zea	mays cultivar:B73					test-pedigree-CML225			AMP	CML225		metabolite_183_known
CML226	cultivar		Zea	mays cultivar:B73					test-pedigree-CML226			AMP	CML226		metabolite_183_known
CML228	cultivar		Zea	mays cultivar:B73					test-pedigree-CML228			AMP	CML228		metabolite_183_known
CML27	cultivar		Zea	mays cultivar:B73					test-pedigree-CML27			AMP	CML27		metabolite_183_known
CML28	cultivar		Zea	mays cultivar:B73					test-pedigree-CML28			AMP	CML28		metabolite_183_known
CML286	cultivar		Zea	mays cultivar:B73					test-pedigree-CML286			AMP	CML286		metabolite_183_known
CML287	cultivar		Zea	mays cultivar:B73					test-pedigree-CML287			AMP	CML287		metabolite_183_known
CML290	cultivar		Zea	mays cultivar:B73					test-pedigree-CML290			AMP	CML290		metabolite_183_known
CML298	cultivar		Zea	mays cultivar:B73					test-pedigree-CML298			AMP	CML298		metabolite_183_known
CML300	cultivar		Zea	mays cultivar:B73					test-pedigree-CML300			AMP	CML300		metabolite_183_known
CML304	cultivar		Zea	mays cultivar:B73					test-pedigree-CML304			AMP	CML304		metabolite_183_known
CML305	cultivar		Zea	mays cultivar:B73					test-pedigree-CML305			AMP	CML305		metabolite_183_known
CML307	cultivar		Zea	mays cultivar:B73					test-pedigree-CML307			AMP	CML307		metabolite_183_known
CML31	cultivar		Zea	mays cultivar:B73					test-pedigree-CML31			AMP	CML31		metabolite_183_known
CML32	cultivar		Zea	mays cultivar:B73					test-pedigree-CML32			AMP	CML32		metabolite_183_known
CML323	cultivar		Zea	mays cultivar:B73					test-pedigree-CML323			AMP	CML323		metabolite_183_known
CML324	cultivar		Zea	mays cultivar:B73					test-pedigree-CML324			AMP	CML324		metabolite_183_known
CML325	cultivar		Zea	mays cultivar:B73					test-pedigree-CML325			AMP	CML325		metabolite_183_known
CML326	cultivar		Zea	mays cultivar:B73					test-pedigree-CML326			AMP	CML326		metabolite_183_known
CML327	cultivar		Zea	mays cultivar:B73					test-pedigree-CML327			AMP	CML327		metabolite_183_known
CML338	cultivar		Zea	mays cultivar:B73					test-pedigree-CML338			AMP	CML338		metabolite_183_known
CML360	cultivar		Zea	mays cultivar:B73					test-pedigree-CML360			AMP	CML360		metabolite_183_known
CML361	cultivar		Zea	mays cultivar:B73					test-pedigree-CML361			AMP	CML361		metabolite_183_known
CML364	cultivar		Zea	mays cultivar:B73					test-pedigree-CML364			AMP	CML364		metabolite_183_known
CML408	cultivar		Zea	mays cultivar:B73					test-pedigree-CML408			AMP	CML408		metabolite_183_known
CML411	cultivar		Zea	mays cultivar:B73					test-pedigree-CML411			AMP	CML411		metabolite_183_known
CML412	cultivar		Zea	mays cultivar:B73					test-pedigree-CML412			AMP	CML412		metabolite_183_known
CML415	cultivar		Zea	mays cultivar:B73					test-pedigree-CML415			AMP	CML415		metabolite_183_known
CML422	cultivar		Zea	mays cultivar:B73					test-pedigree-CML422			AMP	CML422		metabolite_183_known
CML423	cultivar		Zea	mays cultivar:B73					test-pedigree-CML423			AMP	CML423		metabolite_183_known
CML426	cultivar		Zea	mays cultivar:B73					test-pedigree-CML426			AMP	CML426		metabolite_183_known
CML428	cultivar		Zea	mays cultivar:B73					test-pedigree-CML428			AMP	CML428		metabolite_183_known
CML430	cultivar		Zea	mays cultivar:B73					test-pedigree-CML430			AMP	CML430		metabolite_183_known
CML431	cultivar		Zea	mays cultivar:B73					test-pedigree-CML431			AMP	CML431		metabolite_183_known
CML432	cultivar		Zea	mays cultivar:B73					test-pedigree-CML432			AMP	CML432		metabolite_183_known
CML433	cultivar		Zea	mays cultivar:B73					test-pedigree-CML433			AMP	CML433		metabolite_183_known
CML451	cultivar		Zea	mays cultivar:B73					test-pedigree-CML451			AMP	CML451		metabolite_183_known
CML454	cultivar		Zea	mays cultivar:B73					test-pedigree-CML454			AMP	CML454		metabolite_183_known
CML465	cultivar		Zea	mays cultivar:B73					test-pedigree-CML465			AMP	CML465		metabolite_183_known
CML470	cultivar		Zea	mays cultivar:B73					test-pedigree-CML470			AMP	CML470		metabolite_183_known
CML471	cultivar		Zea	mays cultivar:B73					test-pedigree-CML471			AMP	CML471		metabolite_183_known
CML473	cultivar		Zea	mays cultivar:B73					test-pedigree-CML473			AMP	CML473		metabolite_183_known
CML474	cultivar		Zea	mays cultivar:B73					test-pedigree-CML474			AMP	CML474		metabolite_183_known
CML479	cultivar		Zea	mays cultivar:B73					test-pedigree-CML479			AMP	CML479		metabolite_183_known
CML480	cultivar		Zea	mays cultivar:B73					test-pedigree-CML480			AMP	CML480		metabolite_183_known
CML486	cultivar		Zea	mays cultivar:B73					test-pedigree-CML486			AMP	CML486		metabolite_183_known
CML493	cultivar		Zea	mays cultivar:B73					test-pedigree-CML493			AMP	CML493		metabolite_183_known
CML496	cultivar		Zea	mays cultivar:B73					test-pedigree-CML496			AMP	CML496		metabolite_183_known
CML497	cultivar		Zea	mays cultivar:B73					test-pedigree-CML497			AMP	CML497		metabolite_183_known
CML50	cultivar		Zea	mays cultivar:B73					test-pedigree-CML50			AMP	CML50		metabolite_183_known
CML51	cultivar		Zea	mays cultivar:B73					test-pedigree-CML51			AMP	CML51		metabolite_183_known
CML69	cultivar		Zea	mays cultivar:B73					test-pedigree-CML69			AMP	CML69		metabolite_183_known
D047	cultivar		Zea	mays cultivar:B73					test-pedigree-D047			AMP	D047		metabolite_183_known
D863F	cultivar		Zea	mays cultivar:B73					test-pedigree-D863F			AMP	D863F		metabolite_183_known
DAN3130	cultivar		Zea	mays cultivar:B73					test-pedigree-DAN3130			AMP	DAN3130		metabolite_183_known
DAN340	cultivar		Zea	mays cultivar:B73					test-pedigree-DAN340			AMP	DAN340		metabolite_183_known
DAN360	cultivar		Zea	mays cultivar:B73					test-pedigree-DAN360			AMP	DAN360		metabolite_183_known
DAN4245	cultivar		Zea	mays cultivar:B73					test-pedigree-DAN4245			AMP	DAN4245		metabolite_183_known
DAN598	cultivar		Zea	mays cultivar:B73					test-pedigree-DAN598			AMP	DAN598		metabolite_183_known
DAN599	cultivar		Zea	mays cultivar:B73					test-pedigree-DAN599			AMP	DAN599		metabolite_183_known
DE.EX	cultivar		Zea	mays cultivar:B73					test-pedigree-DE.EX			AMP	DE.EX		metabolite_183_known
DH29	cultivar		Zea	mays cultivar:B73					test-pedigree-DH29			AMP	DH29		metabolite_183_known
DH3732	cultivar		Zea	mays cultivar:B73					test-pedigree-DH3732			AMP	DH3732		metabolite_183_known
DONG237	cultivar		Zea	mays cultivar:B73					test-pedigree-DONG237			AMP	DONG237		metabolite_183_known
DONG46	cultivar		Zea	mays cultivar:B73					test-pedigree-DONG46			AMP	DONG46		metabolite_183_known
DSB	cultivar		Zea	mays cultivar:B73					test-pedigree-DSB			AMP	DSB		metabolite_183_known
EN25	cultivar		Zea	mays cultivar:B73					test-pedigree-EN25			AMP	EN25		metabolite_183_known
ES40	cultivar		Zea	mays cultivar:B73					test-pedigree-ES40			AMP	ES40		metabolite_183_known
FCD0602	cultivar		Zea	mays cultivar:B73					test-pedigree-FCD0602			AMP	FCD0602		metabolite_183_known
GEMS1	cultivar		Zea	mays cultivar:B73					test-pedigree-GEMS1			AMP	GEMS1		metabolite_183_known
GEMS10	cultivar		Zea	mays cultivar:B73					test-pedigree-GEMS10			AMP	GEMS10		metabolite_183_known
GEMS11	cultivar		Zea	mays cultivar:B73					test-pedigree-GEMS11			AMP	GEMS11		metabolite_183_known
GEMS12	cultivar		Zea	mays cultivar:B73					test-pedigree-GEMS12			AMP	GEMS12		metabolite_183_known
GEMS13	cultivar		Zea	mays cultivar:B73					test-pedigree-GEMS13			AMP	GEMS13		metabolite_183_known
GEMS14	cultivar		Zea	mays cultivar:B73					test-pedigree-GEMS14			AMP	GEMS14		metabolite_183_known
GEMS15	cultivar		Zea	mays cultivar:B73					test-pedigree-GEMS15			AMP	GEMS15		metabolite_183_known
GEMS16	cultivar		Zea	mays cultivar:B73					test-pedigree-GEMS16			AMP	GEMS16		metabolite_183_known
GEMS17	cultivar		Zea	mays cultivar:B73					test-pedigree-GEMS17			AMP	GEMS17		metabolite_183_known
GEMS18	cultivar		Zea	mays cultivar:B73					test-pedigree-GEMS18			AMP	GEMS18		metabolite_183_known
GEMS19	cultivar		Zea	mays cultivar:B73					test-pedigree-GEMS19			AMP	GEMS19		metabolite_183_known
GEMS2	cultivar		Zea	mays cultivar:B73					test-pedigree-GEMS2			AMP	GEMS2		metabolite_183_known
GEMS20	cultivar		Zea	mays cultivar:B73					test-pedigree-GEMS20			AMP	GEMS20		metabolite_183_known
GEMS21	cultivar		Zea	mays cultivar:B73					test-pedigree-GEMS21			AMP	GEMS21		metabolite_183_known
GEMS23	cultivar		Zea	mays cultivar:B73					test-pedigree-GEMS23			AMP	GEMS23		metabolite_183_known
GEMS24	cultivar		Zea	mays cultivar:B73					test-pedigree-GEMS24			AMP	GEMS24		metabolite_183_known
GEMS25	cultivar		Zea	mays cultivar:B73					test-pedigree-GEMS25			AMP	GEMS25		metabolite_183_known
GEMS27	cultivar		Zea	mays cultivar:B73					test-pedigree-GEMS27			AMP	GEMS27		metabolite_183_known
GEMS28	cultivar		Zea	mays cultivar:B73					test-pedigree-GEMS28			AMP	GEMS28		metabolite_183_known
GEMS29	cultivar		Zea	mays cultivar:B73					test-pedigree-GEMS29			AMP	GEMS29		metabolite_183_known
GEMS3	cultivar		Zea	mays cultivar:B73					test-pedigree-GEMS3			AMP	GEMS3		metabolite_183_known
GEMS30	cultivar		Zea	mays cultivar:B73					test-pedigree-GEMS30			AMP	GEMS30		metabolite_183_known
GEMS31	cultivar		Zea	mays cultivar:B73					test-pedigree-GEMS31			AMP	GEMS31		metabolite_183_known
GEMS32	cultivar		Zea	mays cultivar:B73					test-pedigree-GEMS32			AMP	GEMS32		metabolite_183_known
GEMS33	cultivar		Zea	mays cultivar:B73					test-pedigree-GEMS33			AMP	GEMS33		metabolite_183_known
GEMS35	cultivar		Zea	mays cultivar:B73					test-pedigree-GEMS35			AMP	GEMS35		metabolite_183_known
GEMS36	cultivar		Zea	mays cultivar:B73					test-pedigree-GEMS36			AMP	GEMS36		metabolite_183_known
GEMS37	cultivar		Zea	mays cultivar:B73					test-pedigree-GEMS37			AMP	GEMS37		metabolite_183_known
GEMS39	cultivar		Zea	mays cultivar:B73					test-pedigree-GEMS39			AMP	GEMS39		metabolite_183_known
GEMS4	cultivar		Zea	mays cultivar:B73					test-pedigree-GEMS4			AMP	GEMS4		metabolite_183_known
GEMS40	cultivar		Zea	mays cultivar:B73					test-pedigree-GEMS40			AMP	GEMS40		metabolite_183_known
GEMS41	cultivar		Zea	mays cultivar:B73					test-pedigree-GEMS41			AMP	GEMS41		metabolite_183_known
GEMS42	cultivar		Zea	mays cultivar:B73					test-pedigree-GEMS42			AMP	GEMS42		metabolite_183_known
GEMS43	cultivar		Zea	mays cultivar:B73					test-pedigree-GEMS43			AMP	GEMS43		metabolite_183_known
GEMS44	cultivar		Zea	mays cultivar:B73					test-pedigree-GEMS44			AMP	GEMS44		metabolite_183_known
GEMS45	cultivar		Zea	mays cultivar:B73					test-pedigree-GEMS45			AMP	GEMS45		metabolite_183_known
GEMS46	cultivar		Zea	mays cultivar:B73					test-pedigree-GEMS46			AMP	GEMS46		metabolite_183_known
GEMS47	cultivar		Zea	mays cultivar:B73					test-pedigree-GEMS47			AMP	GEMS47		metabolite_183_known
GEMS48	cultivar		Zea	mays cultivar:B73					test-pedigree-GEMS48			AMP	GEMS48		metabolite_183_known
GEMS49	cultivar		Zea	mays cultivar:B73					test-pedigree-GEMS49			AMP	GEMS49		metabolite_183_known
GEMS5	cultivar		Zea	mays cultivar:B73					test-pedigree-GEMS5			AMP	GEMS5		metabolite_183_known
GEMS50	cultivar		Zea	mays cultivar:B73					test-pedigree-GEMS50			AMP	GEMS50		metabolite_183_known
GEMS51	cultivar		Zea	mays cultivar:B73					test-pedigree-GEMS51			AMP	GEMS51		metabolite_183_known
GEMS52	cultivar		Zea	mays cultivar:B73					test-pedigree-GEMS52			AMP	GEMS52		metabolite_183_known
GEMS53	cultivar		Zea	mays cultivar:B73					test-pedigree-GEMS53			AMP	GEMS53		metabolite_183_known
GEMS54	cultivar		Zea	mays cultivar:B73					test-pedigree-GEMS54			AMP	GEMS54		metabolite_183_known
GEMS55	cultivar		Zea	mays cultivar:B73					test-pedigree-GEMS55			AMP	GEMS55		metabolite_183_known
GEMS56	cultivar		Zea	mays cultivar:B73					test-pedigree-GEMS56			AMP	GEMS56		metabolite_183_known
GEMS57	cultivar		Zea	mays cultivar:B73					test-pedigree-GEMS57			AMP	GEMS57		metabolite_183_known
GEMS58	cultivar		Zea	mays cultivar:B73					test-pedigree-GEMS58			AMP	GEMS58		metabolite_183_known
GEMS59	cultivar		Zea	mays cultivar:B73					test-pedigree-GEMS59			AMP	GEMS59		metabolite_183_known
GEMS6	cultivar		Zea	mays cultivar:B73					test-pedigree-GEMS6			AMP	GEMS6		metabolite_183_known
GEMS60	cultivar		Zea	mays cultivar:B73					test-pedigree-GEMS60			AMP	GEMS60		metabolite_183_known
GEMS61	cultivar		Zea	mays cultivar:B73					test-pedigree-GEMS61			AMP	GEMS61		metabolite_183_known
GEMS62	cultivar		Zea	mays cultivar:B73					test-pedigree-GEMS62			AMP	GEMS62		metabolite_183_known
GEMS63	cultivar		Zea	mays cultivar:B73					test-pedigree-GEMS63			AMP	GEMS63		metabolite_183_known
GEMS64	cultivar		Zea	mays cultivar:B73					test-pedigree-GEMS64			AMP	GEMS64		metabolite_183_known
GEMS65	cultivar		Zea	mays cultivar:B73					test-pedigree-GEMS65			AMP	GEMS65		metabolite_183_known
GEMS66	cultivar		Zea	mays cultivar:B73					test-pedigree-GEMS66			AMP	GEMS66		metabolite_183_known
GEMS9	cultivar		Zea	mays cultivar:B73					test-pedigree-GEMS9			AMP	GEMS9		metabolite_183_known
GY1007	cultivar		Zea	mays cultivar:B73					test-pedigree-GY1007			AMP	GY1007		metabolite_183_known
GY1032	cultivar		Zea	mays cultivar:B73					test-pedigree-GY1032			AMP	GY1032		metabolite_183_known
GY220	cultivar		Zea	mays cultivar:B73					test-pedigree-GY220			AMP	GY220		metabolite_183_known
GY237	cultivar		Zea	mays cultivar:B73					test-pedigree-GY237			AMP	GY237		metabolite_183_known
GY246	cultivar		Zea	mays cultivar:B73					test-pedigree-GY246			AMP	GY246		metabolite_183_known
GY386	cultivar		Zea	mays cultivar:B73					test-pedigree-GY386			AMP	GY386		metabolite_183_known
GY386B	cultivar		Zea	mays cultivar:B73					test-pedigree-GY386B			AMP	GY386B		metabolite_183_known
GY462	cultivar		Zea	mays cultivar:B73					test-pedigree-GY462			AMP	GY462		metabolite_183_known
GY798	cultivar		Zea	mays cultivar:B73					test-pedigree-GY798			AMP	GY798		metabolite_183_known
GY923	cultivar		Zea	mays cultivar:B73					test-pedigree-GY923			AMP	GY923		metabolite_183_known
HB	cultivar		Zea	mays cultivar:B73					test-pedigree-HB			AMP	HB		metabolite_183_known
HSBN	cultivar		Zea	mays cultivar:B73					test-pedigree-HSBN			AMP	HSBN		metabolite_183_known
HTH-17	cultivar		Zea	mays cultivar:B73					test-pedigree-HTH-17			AMP	HTH-17		metabolite_183_known
HU803	cultivar		Zea	mays cultivar:B73					test-pedigree-HU803			AMP	HU803		metabolite_183_known
HUA83-2	cultivar		Zea	mays cultivar:B73					test-pedigree-HUA83-2			AMP	HUA83-2		metabolite_183_known
HUANGC	cultivar		Zea	mays cultivar:B73					test-pedigree-HUANGC			AMP	HUANGC		metabolite_183_known
HYS	cultivar		Zea	mays cultivar:B73					test-pedigree-HYS			AMP	HYS		metabolite_183_known
HZS	cultivar		Zea	mays cultivar:B73					test-pedigree-HZS			AMP	HZS		metabolite_183_known
IRF291	cultivar		Zea	mays cultivar:B73					test-pedigree-IRF291			AMP	IRF291		metabolite_183_known
IRF314	cultivar		Zea	mays cultivar:B73					test-pedigree-IRF314			AMP	IRF314		metabolite_183_known
J4112	cultivar		Zea	mays cultivar:B73					test-pedigree-J4112			AMP	J4112		metabolite_183_known
JH59	cultivar		Zea	mays cultivar:B73					test-pedigree-JH59			AMP	JH59		metabolite_183_known
JH96C	cultivar		Zea	mays cultivar:B73					test-pedigree-JH96C			AMP	JH96C		metabolite_183_known
JI53	cultivar		Zea	mays cultivar:B73					test-pedigree-JI53			AMP	JI53		metabolite_183_known
JI63	cultivar		Zea	mays cultivar:B73					test-pedigree-JI63			AMP	JI63		metabolite_183_known
JI842	cultivar		Zea	mays cultivar:B73					test-pedigree-JI842			AMP	JI842		metabolite_183_known
JI846	cultivar		Zea	mays cultivar:B73					test-pedigree-JI846			AMP	JI846		metabolite_183_known
JI853	cultivar		Zea	mays cultivar:B73					test-pedigree-JI853			AMP	JI853		metabolite_183_known
JIAO51	cultivar		Zea	mays cultivar:B73					test-pedigree-JIAO51			AMP	JIAO51		metabolite_183_known
JY01	cultivar		Zea	mays cultivar:B73					test-pedigree-JY01			AMP	JY01		metabolite_183_known
K10	cultivar		Zea	mays cultivar:B73					test-pedigree-K10			AMP	K10		metabolite_183_known
K12	cultivar		Zea	mays cultivar:B73					test-pedigree-K12			AMP	K12		metabolite_183_known
K14	cultivar		Zea	mays cultivar:B73					test-pedigree-K14			AMP	K14		metabolite_183_known
K22	cultivar		Zea	mays cultivar:B73					test-pedigree-K22			AMP	K22		metabolite_183_known
L3180	cultivar		Zea	mays cultivar:B73					test-pedigree-L3180			AMP	L3180		metabolite_183_known
LG001	cultivar		Zea	mays cultivar:B73					test-pedigree-LG001			AMP	LG001		metabolite_183_known
LIAO138	cultivar		Zea	mays cultivar:B73					test-pedigree-LIAO138			AMP	LIAO138		metabolite_183_known
LIAO159	cultivar		Zea	mays cultivar:B73					test-pedigree-LIAO159			AMP	LIAO159		metabolite_183_known
LIAO5114	cultivar		Zea	mays cultivar:B73					test-pedigree-LIAO5114			AMP	LIAO5114		metabolite_183_known
LIAO5262	cultivar		Zea	mays cultivar:B73					test-pedigree-LIAO5262			AMP	LIAO5262		metabolite_183_known
LIAO5263	cultivar		Zea	mays cultivar:B73					test-pedigree-LIAO5263			AMP	LIAO5263		metabolite_183_known
LK11	cultivar		Zea	mays cultivar:B73					test-pedigree-LK11			AMP	LK11		metabolite_183_known
LV28	cultivar		Zea	mays cultivar:B73					test-pedigree-LV28			AMP	LV28		metabolite_183_known
LX9801	cultivar		Zea	mays cultivar:B73					test-pedigree-LX9801			AMP	LX9801		metabolite_183_known
LXN	cultivar		Zea	mays cultivar:B73					test-pedigree-LXN			AMP	LXN		metabolite_183_known
LY	cultivar		Zea	mays cultivar:B73					test-pedigree-LY			AMP	LY		metabolite_183_known
LY042	cultivar		Zea	mays cultivar:B73					test-pedigree-LY042			AMP	LY042		metabolite_183_known
M153	cultivar		Zea	mays cultivar:B73					test-pedigree-M153			AMP	M153		metabolite_183_known
M165	cultivar		Zea	mays cultivar:B73					test-pedigree-M165			AMP	M165		metabolite_183_known
M97	cultivar		Zea	mays cultivar:B73					test-pedigree-M97			AMP	M97		metabolite_183_known
MN	cultivar		Zea	mays cultivar:B73					test-pedigree-MN			AMP	MN		metabolite_183_known
MO113	cultivar		Zea	mays cultivar:B73					test-pedigree-MO113			AMP	MO113		metabolite_183_known
MO17	cultivar		Zea	mays cultivar:B73					test-pedigree-MO17			AMP	MO17		metabolite_183_known
NAN21-3	cultivar		Zea	mays cultivar:B73					test-pedigree-NAN21-3			AMP	NAN21-3		metabolite_183_known
NMJT	cultivar		Zea	mays cultivar:B73					test-pedigree-NMJT			AMP	NMJT		metabolite_183_known
P138	cultivar		Zea	mays cultivar:B73					test-pedigree-P138			AMP	P138		metabolite_183_known
P178	cultivar		Zea	mays cultivar:B73					test-pedigree-P178			AMP	P178		metabolite_183_known
Q1261	cultivar		Zea	mays cultivar:B73					test-pedigree-Q1261			AMP	Q1261		metabolite_183_known
QI205	cultivar		Zea	mays cultivar:B73					test-pedigree-QI205			AMP	QI205		metabolite_183_known
QI319	cultivar		Zea	mays cultivar:B73					test-pedigree-QI319			AMP	QI319		metabolite_183_known
QTHHSBTS	cultivar		Zea	mays cultivar:B73					test-pedigree-QTHHSBTS			AMP	QTHHSBTS		metabolite_183_known
R08	cultivar		Zea	mays cultivar:B73					test-pedigree-R08			AMP	R08		metabolite_183_known
R15	cultivar		Zea	mays cultivar:B73					test-pedigree-R15			AMP	R15		metabolite_183_known
R15X1141	cultivar		Zea	mays cultivar:B73					test-pedigree-R15X1141			AMP	R15X1141		metabolite_183_known
RY684	cultivar		Zea	mays cultivar:B73					test-pedigree-RY684			AMP	RY684		metabolite_183_known
RY697	cultivar		Zea	mays cultivar:B73					test-pedigree-RY697			AMP	RY697		metabolite_183_known
RY713	cultivar		Zea	mays cultivar:B73					test-pedigree-RY713			AMP	RY713		metabolite_183_known
RY729	cultivar		Zea	mays cultivar:B73					test-pedigree-RY729			AMP	RY729		metabolite_183_known
RY732	cultivar		Zea	mays cultivar:B73					test-pedigree-RY732			AMP	RY732		metabolite_183_known
RY737	cultivar		Zea	mays cultivar:B73					test-pedigree-RY737			AMP	RY737		metabolite_183_known
S22	cultivar		Zea	mays cultivar:B73					test-pedigree-S22			AMP	S22		metabolite_183_known
S37	cultivar		Zea	mays cultivar:B73					test-pedigree-S37			AMP	S37		metabolite_183_known
SC55	cultivar		Zea	mays cultivar:B73					test-pedigree-SC55			AMP	SC55		metabolite_183_known
SHEN135	cultivar		Zea	mays cultivar:B73					test-pedigree-SHEN135			AMP	SHEN135		metabolite_183_known
SHEN137	cultivar		Zea	mays cultivar:B73					test-pedigree-SHEN137			AMP	SHEN137		metabolite_183_known
SHEN5003	cultivar		Zea	mays cultivar:B73					test-pedigree-SHEN5003			AMP	SHEN5003		metabolite_183_known
SI273	cultivar		Zea	mays cultivar:B73					test-pedigree-SI273			AMP	SI273		metabolite_183_known
SI434	cultivar		Zea	mays cultivar:B73					test-pedigree-SI434			AMP	SI434		metabolite_183_known
SI444	cultivar		Zea	mays cultivar:B73					test-pedigree-SI444			AMP	SI444		metabolite_183_known
SI446	cultivar		Zea	mays cultivar:B73					test-pedigree-SI446			AMP	SI446		metabolite_183_known
SW92E114	cultivar		Zea	mays cultivar:B73					test-pedigree-SW92E114			AMP	SW92E114		metabolite_183_known
SY1032	cultivar		Zea	mays cultivar:B73					test-pedigree-SY1032			AMP	SY1032		metabolite_183_known
SY1035	cultivar		Zea	mays cultivar:B73					test-pedigree-SY1035			AMP	SY1035		metabolite_183_known
SY1039	cultivar		Zea	mays cultivar:B73					test-pedigree-SY1039			AMP	SY1039		metabolite_183_known
SY1052	cultivar		Zea	mays cultivar:B73					test-pedigree-SY1052			AMP	SY1052		metabolite_183_known
SY1077	cultivar		Zea	mays cultivar:B73					test-pedigree-SY1077			AMP	SY1077		metabolite_183_known
SY1128	cultivar		Zea	mays cultivar:B73					test-pedigree-SY1128			AMP	SY1128		metabolite_183_known
SY3073	cultivar		Zea	mays cultivar:B73					test-pedigree-SY3073			AMP	SY3073		metabolite_183_known
SY998	cultivar		Zea	mays cultivar:B73					test-pedigree-SY998			AMP	SY998		metabolite_183_known
SY999	cultivar		Zea	mays cultivar:B73					test-pedigree-SY999			AMP	SY999		metabolite_183_known
TIAN77	cultivar		Zea	mays cultivar:B73					test-pedigree-TIAN77			AMP	TIAN77		metabolite_183_known
TIE7922	cultivar		Zea	mays cultivar:B73					test-pedigree-TIE7922			AMP	TIE7922		metabolite_183_known
TT16	cultivar		Zea	mays cultivar:B73					test-pedigree-TT16			AMP	TT16		metabolite_183_known
TX5	cultivar		Zea	mays cultivar:B73					test-pedigree-TX5			AMP	TX5		metabolite_183_known
TY1	cultivar		Zea	mays cultivar:B73					test-pedigree-TY1			AMP	TY1		metabolite_183_known
TY10	cultivar		Zea	mays cultivar:B73					test-pedigree-TY10			AMP	TY10		metabolite_183_known
TY11	cultivar		Zea	mays cultivar:B73					test-pedigree-TY11			AMP	TY11		metabolite_183_known
TY2	cultivar		Zea	mays cultivar:B73					test-pedigree-TY2			AMP	TY2		metabolite_183_known
TY3	cultivar		Zea	mays cultivar:B73					test-pedigree-TY3			AMP	TY3		metabolite_183_known
TY4	cultivar		Zea	mays cultivar:B73					test-pedigree-TY4			AMP	TY4		metabolite_183_known
TY5	cultivar		Zea	mays cultivar:B73					test-pedigree-TY5			AMP	TY5		metabolite_183_known
TY6	cultivar		Zea	mays cultivar:B73					test-pedigree-TY6			AMP	TY6		metabolite_183_known
TY7	cultivar		Zea	mays cultivar:B73					test-pedigree-TY7			AMP	TY7		metabolite_183_known
TY8	cultivar		Zea	mays cultivar:B73					test-pedigree-TY8			AMP	TY8		metabolite_183_known
TY9	cultivar		Zea	mays cultivar:B73					test-pedigree-TY9			AMP	TY9		metabolite_183_known
U8112	cultivar		Zea	mays cultivar:B73					test-pedigree-U8112			AMP	U8112		metabolite_183_known
W138	cultivar		Zea	mays cultivar:B73					test-pedigree-W138			AMP	W138		metabolite_183_known
WH413	cultivar		Zea	mays cultivar:B73					test-pedigree-WH413			AMP	WH413		metabolite_183_known
WMR	cultivar		Zea	mays cultivar:B73					test-pedigree-WMR			AMP	WMR		metabolite_183_known
WU109	cultivar		Zea	mays cultivar:B73					test-pedigree-WU109			AMP	WU109		metabolite_183_known
XI502	cultivar		Zea	mays cultivar:B73					test-pedigree-XI502			AMP	XI502		metabolite_183_known
XUN971	cultivar		Zea	mays cultivar:B73					test-pedigree-XUN971			AMP	XUN971		metabolite_183_known
XZ698	cultivar		Zea	mays cultivar:B73					test-pedigree-XZ698			AMP	XZ698		metabolite_183_known
YAN414	cultivar		Zea	mays cultivar:B73					test-pedigree-YAN414			AMP	YAN414		metabolite_183_known
YE107	cultivar		Zea	mays cultivar:B73					test-pedigree-YE107			AMP	YE107		metabolite_183_known
YE478	cultivar		Zea	mays cultivar:B73					test-pedigree-YE478			AMP	YE478		metabolite_183_known
YE515	cultivar		Zea	mays cultivar:B73					test-pedigree-YE515			AMP	YE515		metabolite_183_known
YE52106	cultivar		Zea	mays cultivar:B73					test-pedigree-YE52106			AMP	YE52106		metabolite_183_known
YE8001	cultivar		Zea	mays cultivar:B73					test-pedigree-YE8001			AMP	YE8001		metabolite_183_known
YU374	cultivar		Zea	mays cultivar:B73					test-pedigree-YU374			AMP	YU374		metabolite_183_known
YU87-1	cultivar		Zea	mays cultivar:B73					test-pedigree-YU87-1			AMP	YU87-1		metabolite_183_known
YUN46	cultivar		Zea	mays cultivar:B73					test-pedigree-YUN46			AMP	YUN46		metabolite_183_known
Z2018F	cultivar		Zea	mays cultivar:B73					test-pedigree-Z2018F			AMP	Z2018F		metabolite_183_known
ZAC546	cultivar		Zea	mays cultivar:B73					test-pedigree-ZAC546			AMP	ZAC546		metabolite_183_known
ZB648	cultivar		Zea	mays cultivar:B73					test-pedigree-ZB648			AMP	ZB648		metabolite_183_known
ZH68	cultivar		Zea	mays cultivar:B73					test-pedigree-ZH68			AMP	ZH68		metabolite_183_known
ZHENG22	cultivar		Zea	mays cultivar:B73					test-pedigree-ZHENG22			AMP	ZHENG22		metabolite_183_known
ZHENG28	cultivar		Zea	mays cultivar:B73					test-pedigree-ZHENG28			AMP	ZHENG28		metabolite_183_known
ZHENG29	cultivar		Zea	mays cultivar:B73					test-pedigree-ZHENG29			AMP	ZHENG29		metabolite_183_known
ZHENG30	cultivar		Zea	mays cultivar:B73					test-pedigree-ZHENG30			AMP	ZHENG30		metabolite_183_known
ZHENG32	cultivar		Zea	mays cultivar:B73					test-pedigree-ZHENG32			AMP	ZHENG32		metabolite_183_known
ZHENG35	cultivar		Zea	mays cultivar:B73					test-pedigree-ZHENG35			AMP	ZHENG35		metabolite_183_known
ZHENG58	cultivar		Zea	mays cultivar:B73					test-pedigree-ZHENG58			AMP	ZHENG58		metabolite_183_known
ZHENG653	cultivar		Zea	mays cultivar:B73					test-pedigree-ZHENG653			AMP	ZHENG653		metabolite_183_known
ZHI41	cultivar		Zea	mays cultivar:B73					test-pedigree-ZHI41			AMP	ZHI41		metabolite_183_known
ZHONG69	cultivar		Zea	mays cultivar:B73					test-pedigree-ZHONG69			AMP	ZHONG69		metabolite_183_known
ZI330	cultivar		Zea	mays cultivar:B73					test-pedigree-ZI330			AMP	ZI330		metabolite_183_known
ZONG3	cultivar		Zea	mays cultivar:B73					test-pedigree-ZONG3			AMP	ZONG3		metabolite_183_known
ZONG31	cultivar		Zea	mays cultivar:B73					test-pedigree-ZONG31			AMP	ZONG31		metabolite_183_known
ZZ01	cultivar		Zea	mays cultivar:B73					test-pedigree-ZZ01			AMP	ZZ01		metabolite_183_known
ZZ03	cultivar		Zea	mays cultivar:B73					test-pedigree-ZZ03			AMP	ZZ03		metabolite_183_known
