file	marker	count	blocks_release
docs/2026-06-06-zeamap-v0-1-author-metadata-template.tsv	TO_COMPLETE	4	True
docs/2026-06-06-zeamap-v0-1-author-metadata-template.tsv	yes/no	4	True
docs/2026-06-06-zeamap-v0-1-affiliation-template.tsv	TO_COMPLETE	6	True
docs/2026-06-06-zeamap-v0-1-named-reviewer-worksheet.tsv	TO_COMPLETE	13	True
docs/2026-06-06-zeamap-v0-1-named-reviewer-worksheet.tsv	yes/no	4	True
docs/2026-06-06-zeamap-v0-1-final-figure-manual-checklist.tsv	yes/no	24	True
docs/2026-06-06-zeamap-v0-1-final-figure-manual-checklist.tsv	pass/revise	3	True
docs/2026-06-06-zeamap-v0-1-author-contribution-funding-coi-form.md	[	4	False
docs/2026-06-06-zeamap-v0-1-author-contribution-funding-coi-form.md	]	4	False
